ALogP,LipoaffinityIndex,nHBAcc,Label
-0.8408,9.416633200514212,2.0,1
0.7443,6.038852211864169,0.0,1
-1.9133999999999995,6.7626288973922914,0.0,1
2.4316,7.419562765312342,1.0,1
4.4658,4.347425761316872,0.0,1
3.2941000000000003,8.421426712962964,0.0,1
0.0,9.258536111111113,0.0,1
3.8079,12.39515301855001,2.0,1
1.3929999999999991,7.97374426351096,0.0,1
-0.7417999999999996,6.937652777777777,0.0,1
1.2840000000000005,7.176181018518519,0.0,1
2.6664000000000003,4.550242175925926,0.0,1
3.5552,4.877162808641976,0.0,1
4.208299999999998,10.52617954459562,0.0,1
0.6477999999999999,6.611341556713448,2.0,1
1.9259999999999995,7.825523129251701,0.0,1
2.8736,4.296736277049915,0.0,1
-0.0236000000000005,7.203312508503402,0.0,1
2.669,5.577112199888643,0.0,1
2.652099999999999,10.8408735191484,0.0,1
0.4371999999999991,6.747314351851851,0.0,1
0.7779999999999998,7.28099712962963,0.0,1
5.439999999999996,9.094688233418369,4.0,1
1.4886,7.007674485456734,0.0,1
3.3916000000000004,2.279446251714677,0.0,1
2.9772,7.244759290893311,0.0,1
1.4886,7.024464188152628,0.0,1
2.9772,7.294652008202458,0.0,1
4.4677,7.158714283079574,0.0,1
2.9772,7.276047309915735,0.0,1
2.0788,6.5697583608653805,0.0,1
3.5674,6.7495847517139005,0.0,1
1.2093000000000005,3.317842667469766,3.0,1
0.7044999999999998,6.74706265985578,3.0,1
2.6868000000000003,11.320313934212091,5.0,1
-3.277400000000002,7.567216403233534,1.0,1
4.2461,10.795613208198152,5.0,1
1.8142,7.930880235107013,1.0,1
-0.6274,8.56288720079303,5.0,1
2.6304000000000003,10.76149298695258,2.0,1
2.2711,5.935906910093557,1.0,1
0.4693999999999988,8.46412667260193,3.0,1
2.090600000000002,10.525691580621892,3.0,1
1.4561000000000006,5.500681885288065,1.0,1
2.600599999999999,8.53522088517463,4.0,1
2.179100000000001,7.482720863895096,1.0,1
1.3161000000000007,8.608561693674359,3.0,1
2.220200000000001,5.4850768429134105,2.0,1
2.5470000000000006,7.19430772408754,0.0,1
3.8832,6.077315719971659,2.0,1
-1.3944000000000007,8.02569603820135,3.0,1
1.9373,8.102737926682721,3.0,1
3.859900000000001,4.541319700193863,3.0,1
-0.2548999999999997,12.4368431797423,2.0,1
2.3381,5.6550675565843616,1.0,1
5.200200000000001,6.131279924336306,1.0,1
3.0565,15.055138797100234,4.0,1
1.7668999999999997,14.396416389220263,1.0,1
1.5502999999999996,8.93771724562388,0.0,1
0.8494000000000002,6.631244335687148,2.0,1
5.054499999999999,10.55620709828051,2.0,1
4.5846,6.969830046986495,2.0,1
4.3816,2.5918499057977105,0.0,1
1.2686000000000002,10.37484688961166,3.0,1
3.1417,9.061565250042868,4.0,1
-0.4497999999999997,8.917162126838054,1.0,1
4.820500000000001,2.479716061980348,0.0,1
3.634,1.1182782990397806,0.0,1
1.7776,7.271666894123905,0.0,1
0.0,8.156914814814815,0.0,1
2.2329,4.038822541152263,0.0,1
-0.4256000000000011,6.591360339191232,0.0,1
4.6333,5.563906128275384,1.0,1
2.9254,4.24143786760589,0.0,1
0.7443,8.328222993757173,0.0,1
1.9813000000000005,5.864340402730536,1.0,1
4.5014,12.988493794812012,3.0,1
2.9772,7.296796530923298,0.0,1
4.1609,4.288274720507545,0.0,1
2.9589999999999987,9.032802147581252,0.0,1
-1.5040000000000022,8.658951704144622,0.0,1
1.3345,6.584615869796479,0.0,1
-0.6398000000000014,10.480741433906337,1.0,1
1.5559999999999996,8.622126322751322,0.0,1
2.8231,6.665157667400752,0.0,1
2.9772,7.299072848635568,0.0,1
4.9415,5.60110858281893,0.0,1
1.8858,7.177449652777777,0.0,1
1.3345,6.429237655191935,0.0,1
2.0788,6.53404062711127,0.0,1
2.8231,6.686858745264224,0.0,1
2.8231,6.805370711241287,0.0,1
2.3812000000000006,6.521005787037036,0.0,1
0.0,9.861853605442176,0.0,1
5.739599999999999,1.6511436988046242,0.0,1
2.663900000000001,6.980147642942294,5.0,1
5.85,8.083553806584362,0.0,1
1.6600000000000017,4.285995462962963,1.0,1
2.0058,4.681414957307439,2.0,1
3.571599999999999,6.524146684918804,3.0,1
2.2055999999999987,10.134492730645244,3.0,1
0.8306999999999993,10.1798616643719,3.0,1
0.0366,8.185182183589484,1.0,1
3.4044,6.9174177475009815,2.0,1
3.135699999999999,12.101415656619013,2.0,1
0.8419000000000001,11.598987557220248,3.0,1
0.0,6.724015,0.0,1
3.1425,9.03935228156329,0.0,1
0.6420000000000001,6.522205925925928,0.0,1
3.7215,4.25802310356653,0.0,1
1.7401999999999995,8.639104135015117,0.0,1
-0.433899999999999,8.249281379418107,0.0,1
2.1293,4.242393307228241,0.0,1
0.4067999999999987,8.010575799319728,0.0,1
2.9772,7.279338154060093,0.0,1
3.7215,7.408254470862533,0.0,1
2.8231,6.672811289917774,0.0,1
2.8231,6.676243636856549,0.0,1
0.5564999999999993,9.648133724844104,0.0,1
0.8048999999999994,9.837813575889138,3.0,1
1.1458000000000002,7.642958888888888,0.0,1
5.4846,15.455511483239835,3.0,1
0.3570999999999993,9.555612853096552,3.0,1
3.0272999999999994,4.063687872491361,3.0,1
4.2426,6.3375444324417005,0.0,1
0.0,8.158820370370371,0.0,1
2.9772,4.162166556927297,0.0,1
0.4561999999999999,7.342459999999999,0.0,1
2.2329,4.046301121399177,0.0,1
0.6420000000000001,8.814316339758125,0.0,1
3.5281,5.01737082033911,3.0,1
1.4886,7.001813256557768,0.0,1
3.7215,7.336306383183016,0.0,1
3.7215,7.402909351882957,0.0,1
2.9772,7.242617165146009,0.0,1
3.7215,7.414862255569009,0.0,1
2.8231,6.820583231152543,0.0,1
1.7841999999999998,3.445630464677641,1.0,1
3.7215,7.387924028685663,0.0,1
3.7215,7.414248538075953,0.0,1
2.669,5.535422718878017,0.0,1
1.2488,2.738549296982167,2.0,0
3.5846,1.9646759259259257,0.0,0
0.0,10.442657771164022,0.0,0
0.926,3.388872599451303,0.0,0
0.8289000000000001,2.270929847131239,4.0,0
-0.7499,3.001003611111112,1.0,0
-1.1054000000000008,2.639417119367807,5.0,0
2.0293,2.4763953189300407,0.0,0
2.2286,2.9120138888888896,0.0,0
1.7428,1.5032318244170098,0.0,0
2.3992,2.7837229080932784,0.0,0
2.0212000000000003,9.683603298847316,2.0,0
-1.2914,3.468101410724784,4.0,0
-0.2638,7.463654385865458,1.0,0
0.2167,4.598111757999496,2.0,0
0.4439999999999997,2.634749343860229,6.0,0
0.8237000000000003,10.709445823854969,4.0,0
-1.7517,2.470884569580919,4.0,0
2.2329,4.022307294238684,0.0,0
-0.2944999999999998,2.9967535133744856,3.0,0
1.4044,2.43823395404664,0.0,0
-0.0897999999999998,1.8567503703703705,1.0,0
0.7566000000000002,2.0845927598261524,0.0,0
-0.0962999999999997,4.14643074074074,1.0,0
-2.2932,0.8880726879146724,7.0,0
-1.7517,2.470909948454691,4.0,0
0.1717999999999994,8.72339322930917,3.0,0
0.0,5.87237962962963,0.0,0
0.0,4.9085608333333335,1.0,0
-0.4237999999999997,7.20799848748679,6.0,0
-0.4603,5.691853119960948,0.0,0
0.2397,2.290203202947846,2.0,0
0.5341000000000002,4.242183796296296,1.0,0
0.5341000000000002,4.216023796296296,1.0,0
1.7725999999999995,2.9702888717421123,0.0,0
-0.1415999999999999,1.9949647760770968,1.0,0
1.0981,5.595944166666667,0.0,0
0.1186000000000001,1.169845573559671,3.0,0
1.3163999999999996,5.25959674792139,2.0,0
1.1539000000000004,5.207601944444443,0.0,0
0.4449999999999998,6.203595411028837,2.0,0
-0.0041000000000001,6.279799046044343,0.0,0
-0.1541,6.18315,0.0,0
-1.2981000000000005,0.8451066666666668,4.0,0
-0.1308999999999998,7.250788952191988,1.0,0
-0.0676999999999997,4.664234722222222,1.0,0
0.2293999999999997,5.6895020370370375,1.0,0
0.6137999999999999,6.197492739984884,0.0,0
1.4886,3.90902463648834,0.0,0
0.2839999999999999,2.8013768587105625,0.0,0
1.8008000000000002,2.968066358024691,0.0,0
3.166300000000001,5.468942685185184,0.0,0
-2.2497,0.0250000000000001,6.0,0
-0.2194000000000007,5.0446076388888885,0.0,0
0.5337,2.8630915432098765,1.0,0
0.5906,2.414481481481481,0.0,0
-9.714200000000003,22.44604119173543,4.0,0
-0.2582000000000007,1.6680847349773242,3.0,0
2.4423999999999992,0.5575386062820186,4.0,0
2.2038,3.1175924518665488,4.0,0
-1.7827999999999984,10.802235259960774,4.0,0
-0.0676999999999997,6.90065269935752,1.0,0
0.1153999999999998,7.100412992337867,2.0,0
2.246199999999999,7.243337192256671,2.0,0
2.3071,3.8918011363880254,2.0,0
-0.4204,6.514708888888888,1.0,0
-0.9780000000000004,1.4603806584362138,2.0,0
2.4288,0.97477914951989,0.0,0
0.0,11.54361613756614,0.0,0
1.6458000000000004,5.046068643864954,3.0,0
0.0,11.5099235500126,1.0,0
1.3037,1.0176575017146776,4.0,0
9.2427,20.864522869897964,1.0,0
2.2457000000000003,17.31836247557154,4.0,0
-1.2501,5.159817435752078,3.0,0
0.2081999999999997,1.701111111111111,4.0,0
1.9622000000000008,1.7709055309901738,0.0,0
0.5743000000000003,5.303383027210884,1.0,0
-1.1160000000000003,4.860222222222223,4.0,0
0.3238999999999999,4.703708287037037,1.0,0
3.112400000000001,4.428911851851852,0.0,0
0.6420000000000001,8.815635833333335,0.0,0
0.2956,3.240030114883402,1.0,0
0.6420000000000001,8.815725925925925,0.0,0
1.6855000000000002,4.464097222222224,1.0,0
0.5575000000000015,3.4957001418283364,5.0,0
-0.899,9.947268818200296,2.0,0
-1.405200000000003,4.689554672146636,1.0,0
2.0586,4.767816059250861,4.0,0
1.3717999999999997,4.151025504115227,1.0,0
-2.5433000000000017,9.20791240984081,1.0,0
3.0466,2.823844345203102,2.0,0
0.6562999999999986,5.401167361111111,1.0,0
0.9549999999999984,5.903101273148148,1.0,0
-0.5276,6.519347388038549,2.0,0
0.5911999999999998,5.2432257643613,2.0,0
-4.034100000000001,13.551652196020877,0.0,0
-0.2382000000000018,4.997205812547242,12.0,0
0.5336000000000005,1.98777137345679,2.0,0
-2.6742000000000004,13.846185718046556,6.0,0
1.6184999999999998,5.431375469868331,0.0,0
-0.3940000000000001,12.350508430787526,10.0,0
0.9552000000000002,5.56668812635891,3.0,0
3.2870000000000004,7.806674652886393,2.0,0
5.2586,11.849346935232424,0.0,0
-2.0645000000000016,2.4887195795540435,0.0,0
1.1812,11.200883920625898,0.0,0
0.3068999999999999,8.0221339484127,0.0,0
1.009,3.5032540375409424,4.0,0
0.1058999999999996,3.886203239655945,3.0,0
0.4900000000000012,4.8513922241118665,2.0,0
-3.3010000000000024,15.319303081979148,0.0,0
-0.5579000000000003,3.1097452739984885,3.0,0
1.1764999999999994,5.114861373736737,3.0,0
8.888,9.34092709033202,0.0,0
-1.1253999999999995,6.823718981481481,0.0,0
1.0398999999999998,3.325258185871056,1.0,0
2.443,6.623448103774545,4.0,0
-1.0602000000000025,6.14549809510687,1.0,0
-2.2416000000000027,6.378931024638222,2.0,0
-1.9242000000000008,8.271957792896634,1.0,0
-3.883800000000002,11.491408401390464,3.0,0
-2.5803,8.082810820734304,23.0,0
-1.0030999999999997,5.315820222877267,3.0,0
-4.363999999999999,14.686008064293798,1.0,0
1.9324,6.78647460518235,2.0,0
-1.0941999999999998,2.2097363598686504,8.0,0
0.0,9.866227986583525,0.0,0
-0.5152000000000004,2.780178425925926,3.0,0
0.5755000000000015,6.2833667427423645,3.0,0
1.0326,1.404115431398897,4.0,0
3.3816,3.746758415217939,1.0,0
-0.2319,2.68280918393592,4.0,0
-0.9399000000000002,4.160544409707133,10.0,0
2.0182,4.548980718630314,3.0,0
0.1203999999999997,0.883241898148148,3.0,0
0.4084,1.5026666666666668,1.0,0
-4.993200000000002,9.04495076717057,7.0,0
1.2515000000000005,6.463263219954648,3.0,0
-0.0702,1.1653161427976535,5.0,0
1.783500000000002,4.441191717030949,7.0,0
0.5587999999999999,8.759464716696248,4.0,0
0.6661999999999995,8.599166100777461,4.0,0
1.6693000000000005,10.37048355020571,2.0,0
2.6106000000000003,1.8548681085355951,2.0,0
-6.609200000000001,29.70338287113504,6.0,0
-0.5919000000000008,5.743101947436382,3.0,0
2.7596000000000003,6.721693753321334,4.0,0
1.3459,5.411145304902053,2.0,0
1.0057000000000014,4.061539275128776,6.0,0
2.220100000000001,5.572578881851192,7.0,0
0.3921000000000014,7.364827062125695,5.0,0
2.4161,2.347590060941044,0.0,0
1.229899999999999,6.32761748256936,4.0,0
0.2883,1.4205696090534985,4.0,0
0.3211999999999998,4.576036438320984,3.0,0
1.6924000000000006,5.76762650390237,3.0,0
0.7794999999999986,4.919793982780613,2.0,0
-0.7881999999999998,4.645521780045351,5.0,0
1.6381999999999974,9.668516504557726,4.0,0
0.2552999999999993,2.619439368911145,4.0,0
1.0381999999999998,2.038123930041152,3.0,0
2.524,8.146368610094013,9.0,0
0.5213999999999995,5.717416813455101,5.0,0
-1.1224999999999994,5.326643678760696,7.0,0
-0.0517999999999998,3.201507029590728,4.0,0
-1.153100000000001,6.712252106641555,3.0,0
0.2693999999999994,4.689412260522521,3.0,0
3.3824,5.096716274374376,2.0,0
-1.5958,3.8541649732098606,6.0,0
0.8129999999999984,2.5054196205488366,5.0,0
0.4402999999999997,3.386302659609369,6.0,0
0.6396000000000008,2.73347198600788,5.0,0
1.721200000000003,4.83442438902264,2.0,0
2.2792,5.141388495660327,4.0,0
0.315699999999999,2.167333226568405,4.0,0
-0.1401999999999993,8.360070850909752,3.0,0
-2.0801,5.431638888888889,0.0,0
-1.5190999999999997,3.5353328138384983,5.0,0
0.622700000000001,7.193015733018859,4.0,0
2.4774000000000003,1.9049767745863773,2.0,0
0.8004,4.998782755863605,3.0,0
1.9442999999999988,5.265501613756614,2.0,0
0.6009,6.379726679393595,4.0,0
-3.814400000000002,16.382650435970188,0.0,0
0.3013000000000003,10.80072252398902,3.0,0
2.387000000000001,4.532845992772109,2.0,0
0.9732000000000008,5.239561715351264,2.0,0
2.8753,2.6874523534650487,4.0,0
0.0067999999999992,1.364140504115226,4.0,0
1.026600000000001,4.819866321170786,5.0,0
-0.5038999999999993,2.4942142370034426,4.0,0
0.8792999999999994,2.081489572629861,6.0,0
0.9669,4.733925835718718,4.0,0
-0.5745,4.943945683106576,2.0,0
3.167300000000001,5.745318928085328,4.0,0
-1.9446,3.479040014172336,5.0,0
1.2458,4.261334985932644,3.0,0
2.0334000000000003,5.795433835755753,4.0,0
2.410799999999999,5.721152123847107,4.0,0
2.1432,4.801020126633416,4.0,0
0.5279000000000001,-1.2580797325102877,2.0,0
1.0368,8.717455019418239,4.0,0
1.4266,2.1207358924936,3.0,0
4.1335000000000015,6.056590857047209,4.0,0
1.9122,7.880360760744034,3.0,0
0.2435999999999998,6.298909037008537,4.0,0
0.8450999999999995,4.599619964503547,5.0,0
-0.0939000000000001,9.971700871029595,2.0,0
1.2483999999999995,4.95909949319028,5.0,0
2.0776000000000003,7.759181889458658,4.0,0
-0.3090999999999999,3.764793801488248,8.0,0
0.9398999999999996,4.245344958421011,2.0,0
0.5893999999999996,8.188450893198329,4.0,0
1.3907,6.123438770083547,4.0,0
0.5496999999999993,6.887792196693357,5.0,0
0.9911,1.5924189814814815,0.0,0
0.8637000000000004,1.987284465020576,0.0,0
0.3766999999999996,4.660571467624086,2.0,0
0.5919000000000001,7.157225380065328,4.0,0
0.3348000000000031,4.849138875897581,6.0,0
-0.5415000000000002,0.5772638888888889,3.0,0
-4.5528,-2.274132850962905,10.0,0
0.4990999999999995,6.5194645245890985,4.0,0
-3.2209999999999974,12.533425899881625,2.0,0
-0.4399999999999992,4.261469021890534,8.0,0
2.6562,8.017655954868347,4.0,0
1.6792000000000005,5.810125533130222,5.0,0
0.2570000000000002,4.1389364623750735,5.0,0
0.1526999999999974,6.614205855618167,1.0,0
1.2488,3.844600372172532,3.0,0
-0.5276,4.579536666666666,2.0,0
0.3446999999999993,3.8658469270945126,6.0,0
0.3654000000000005,5.652381608262502,3.0,0
-0.4603,5.588868040438398,0.0,0
1.1879000000000006,6.786438165443647,1.0,0
0.7906000000000001,3.416273599077262,2.0,0
0.898800000000001,5.867713207461996,2.0,0
0.1655999999999999,9.067613583024118,1.0,0
0.8913000000000014,6.022917055856328,2.0,0
0.7848000000000004,8.592756647352402,4.0,0
-0.3695000000000001,4.61670863340192,0.0,0
1.6372,2.9857607570340665,2.0,0
2.4651,3.092078210541419,0.0,0
1.7207999999999997,3.066308928991349,0.0,0
1.7207999999999997,3.058331771926878,0.0,0
0.9764999999999996,3.0261086014879206,0.0,0
-0.7988000000000003,4.199647251604658,7.0,0
1.1215000000000006,5.934408434954229,4.0,0
1.7332,3.446364217306035,2.0,0
-0.3226000000000002,5.15064362638574,4.0,0
0.5906,3.5373534567901235,1.0,0
0.6946000000000006,7.840589772917541,3.0,0
2.1659000000000006,4.294225335418691,2.0,0
-0.4263,4.296453733544344,2.0,0
1.6172,1.804944444444444,0.0,0
-0.5895000000000004,1.586666666666667,1.0,0
-0.4991000000000004,1.668,2.0,0
1.2844,1.9031280006858715,0.0,0
1.6514,1.6580092592592592,0.0,0
1.688,1.630389574759945,0.0,0
0.5732999999999988,2.1365,1.0,0
1.3163999999999996,2.1178125,2.0,0
0.8989,1.1830813614540463,2.0,0
0.6002000000000003,1.1509814814814814,0.0,0
-1.2775,3.962123222789116,3.0,0
-1.0018,2.9629959553204004,3.0,0
-0.6837000000000002,7.139153079678906,4.0,0
-0.1137999999999999,5.882363110355253,1.0,0
0.4561999999999999,6.858197222222222,0.0,0
3.2612,3.07131816872428,0.0,0
1.5200000000000005,-0.5747638888888889,0.0,0
0.6545000000000001,1.9142926371742115,1.0,0
-0.7001000000000001,3.703990128023432,2.0,0
1.0282999999999998,2.8964224794238684,0.0,0
0.8629,1.1251177127250076,3.0,0
0.6601000000000001,2.399519907407407,0.0,0
1.3021000000000005,2.976017105064248,0.0,0
-0.0897999999999998,1.8347814814814816,1.0,0
0.6083000000000001,2.5609319444444445,0.0,0
1.3202000000000005,1.249174074074074,0.0,0
-0.4795999999999999,1.2851015419501133,5.0,0
1.4427999999999996,5.166957777777777,0.0,0
0.7075,4.056898703703704,1.0,0
-1.0436,6.014975672083649,2.0,0
1.7776,4.224325617283951,0.0,0
1.3863,4.396377599451302,0.0,0
-0.0056,3.142071303155008,1.0,0
1.4634000000000005,2.6129660493827163,0.0,0
-0.0056,3.1312033676268864,1.0,0
1.3595000000000004,4.262898717421125,1.0,0
0.7443,3.751739262688614,0.0,0
-2.7774,8.930098390301177,0.0,0
-1.2775,3.97062214175485,3.0,0
-1.5433,1.4843730319874868,6.0,0
2.5025000000000004,4.600260732272334,0.0,0
1.2603000000000004,6.056696726386202,6.0,0
0.2335999999999999,6.072284206625264,1.0,0
1.0712999999999997,4.552125,1.0,0
0.4203000000000001,1.5696362962962962,2.0,0
-1.3301999999999998,2.33723010770975,4.0,0
0.1642000000000005,3.197306044028723,5.0,0
0.0,9.254971296296295,0.0,0
0.2167,4.647992951168235,2.0,0
0.6137999999999999,6.197808796296296,0.0,0
-1.1802999999999984,5.173066675170068,1.0,0
0.5277000000000007,3.125634259259259,2.0,0
1.9844000000000004,3.237429897119341,2.0,0
-0.7499,2.205672592592592,2.0,0
-1.4998,4.443670925925926,2.0,0
-0.7499,2.19225,2.0,0
1.9259999999999995,5.5253912037037045,0.0,0
1.4886,3.904506303155007,0.0,0
-0.7461000000000011,4.612338177297669,0.0,0
1.0282999999999998,2.855782846364884,0.0,0
-0.5226000000000004,4.467018962585033,2.0,0
1.9622000000000008,1.6393226851851852,0.0,0
-0.2526000000000004,5.526003813145628,3.0,0
-3.641400000000002,11.098200208049972,0.0,0
0.8103999999999992,3.61660824557858,5.0,0
2.1573,3.579234159807956,0.0,0
-0.4256,2.216810740740741,1.0,0
2.5169,3.0072687482853224,0.0,0
2.654299999999999,5.050239123061461,4.0,0
-0.4795999999999999,3.5686245553036025,4.0,0
8.7339,8.176933246899583,0.0,0
-2.7094000000000014,7.572432181542369,2.0,0
1.8982000000000003,5.364221888105036,0.0,0
-2.7036,3.054391529200347,13.0,0
-0.0518000000000001,5.978808981481481,0.0,0
-1.4998,4.440969259259259,2.0,0
0.6420000000000001,9.912731339758125,0.0,0
1.3022999999999998,4.663028701814059,2.0,0
-2.9363999999999995,9.779265905025696,4.0,0
-0.6669,7.503491780990173,0.0,0
-0.4021000000000003,3.5214891463529856,5.0,0
2.5992,3.467534722222222,0.0,0
4.285499999999998,5.042367802973041,4.0,0
0.4752000000000004,6.680177112622825,3.0,0
-0.5995999999999999,4.745791666160527,7.0,0
1.2226999999999997,4.725362592592593,0.0,0
-4.115399999999999,0.2488718359839544,23.0,0
1.9122,3.273633560405643,2.0,0
1.6538999999999997,6.854608185019771,6.0,0
1.1804,5.406492081929709,0.0,0
-0.2151000000000003,2.5343070133464902,2.0,0
0.7529000000000001,6.079756512154076,9.0,0
1.5561000000000011,9.052371009773664,4.0,0
-1.5260999999999998,8.75138669217687,1.0,0
1.4701999999999993,11.301629535473642,4.0,0
-1.3682999999999996,-0.2669385802469135,6.0,0
1.8981,7.790074286742395,4.0,0
0.0224999999999994,7.739497673291692,4.0,0
1.3548999999999982,10.211679020444986,4.0,0
0.3689999999999995,3.2333480531653103,4.0,0
-0.7988000000000003,4.199647251604658,7.0,0
2.18,6.62506317793727,4.0,0
-0.0328000000000004,5.387476934637538,6.0,0
0.2242000000000002,6.783934246031746,3.0,0
0.7736999999999992,6.6773999572061005,11.0,0
3.6936999999999993,6.6366745304495245,2.0,0
-0.8745999999999999,6.828228756766888,4.0,0
0.5349000000000003,3.257497761908928,4.0,0
-0.4367999999999994,4.493420411102711,5.0,0
0.7136999999999996,9.537040506698396,2.0,0
0.4639999999999999,6.092853991755666,7.0,0
0.4516000000000003,8.167921377310693,2.0,0
2.4146,2.200091898024692,1.0,0
0.5814999999999995,8.188871814460354,4.0,0
0.9086,10.915936223398466,2.0,0
1.3517000000000003,6.344271146247767,2.0,0
-0.0532999999999991,2.668611734116486,4.0,0
1.9952,5.1904596347124246,2.0,0
-0.3018999999999985,4.325215214264718,2.0,0
1.602,3.8221168724750414,8.0,0
1.9612000000000005,9.939669452547289,2.0,0
1.3849999999999996,4.164263379804597,0.0,0
2.810499999999998,8.708313317317986,4.0,0
1.6650999999999998,3.41214138109702,2.0,0
1.8627,6.79517065843184,3.0,0
-0.8839999999999999,2.4073378401360546,4.0,0
0.9525,6.944199462187088,4.0,0
1.96,4.397310337537793,2.0,0
4.4591,13.470299816621718,3.0,0
1.7192999999999992,8.01133521259034,3.0,0
-1.1771999999999998,3.525918176217245,5.0,0
1.8533,8.856746232461923,2.0,0
-0.1135000000000002,8.613705271223173,3.0,0
0.4006999999999996,4.201742087043648,4.0,0
-0.0947000000000001,7.689861705879615,2.0,0
2.1021999999999976,2.461079093899482,4.0,0
-0.3509999999999996,0.8507673885459534,5.0,0
1.5119000000000002,7.003198303461103,2.0,0
0.0182999999999997,5.508170044642856,2.0,0
2.5296999999999983,4.918592737220402,2.0,0
-0.2299000000000001,0.5854999999999999,2.0,0
2.276799999999996,9.620439276815464,3.0,0
-1.0742000000000007,9.200605363277475,3.0,0
1.2262000000000008,7.513434193727274,3.0,0
0.4378000000000001,6.471631536308808,3.0,0
-1.5741,3.196369166666667,1.0,0
1.9064999999999968,11.973651507041728,2.0,0
1.2491999999999992,6.906252335504379,4.0,0
2.1989999999999994,8.304111582966907,3.0,0
0.8866000000000003,3.875323600179555,2.0,0
1.4886,6.516680238097873,4.0,0
0.1077999999999997,5.696351712962963,0.0,0
-0.0163000000000001,6.855652514355761,3.0,0
1.0958,5.37955838285542,2.0,0
0.8927999999999997,5.284685522644243,1.0,0
-0.0065000000000001,7.5089184087135,2.0,0
1.7435000000000016,7.281266134374352,5.0,0
1.0414000000000003,3.087008075790501,4.0,0
1.3988,1.87209341563786,1.0,0
0.1817,3.2629705555555555,0.0,0
-0.1396,2.756726240283493,2.0,0
1.0835999999999992,7.972509163861621,5.0,0
2.3399,5.924502271385062,2.0,0
1.822,2.646102366255144,1.0,0
0.2714000000000001,0.1057489711934155,2.0,0
3.011,2.460192043895748,0.0,0
3.4978,1.3403996056241425,0.0,0
-2.499600000000001,13.596991261492908,4.0,0
1.8614000000000008,3.394763888888889,0.0,0
3.5488,6.758259418234372,0.0,0
-0.0063999999999999,6.670085571302594,0.0,0
-1.2914,3.400613733098178,4.0,0
-0.205,5.083602886904761,2.0,0
0.7186000000000005,6.327061388888889,1.0,0
0.2839999999999999,2.7607372256515776,0.0,0
0.6364000000000001,3.73827114883402,1.0,0
0.7386999999999999,3.2324169821673525,1.0,0
0.2946000000000003,1.1837582304526748,2.0,0
1.3202000000000005,1.2639064814814815,0.0,0
-0.5636000000000001,5.231748452380952,0.0,0
1.4044,2.50266734749867,0.0,0
-1.2589,9.13087639116346,0.0,0
0.4285,2.895216563786009,0.0,0
-0.2157999999999996,6.618026941085076,2.0,0
-0.1597,3.787048703703704,1.0,0
2.3624,5.995522377593012,2.0,0
-0.4204,8.768713115604266,1.0,0
-0.5512999999999998,3.7120830612244897,1.0,0
0.9113999999999998,4.415198797553143,2.0,0
1.4656999999999991,4.41564425925926,0.0,0
1.2840000000000005,7.172717407407407,0.0,0
-0.8338,0.9960726851851844,4.0,0
0.6420000000000001,8.809648489701436,0.0,0
0.0693999999999999,2.666958783068784,2.0,0
2.157800000000001,6.046571759259258,0.0,0
0.926,3.365576704389575,0.0,0
1.4886,7.032414868424736,0.0,0
1.0282999999999998,4.925861611726996,0.0,0
0.4304000000000001,7.852154825916477,0.0,0
-0.5031999999999992,8.70527572072385,0.0,0
-2.6832000000000003,7.246066296296297,0.0,0
0.3845000000000001,5.986940172491619,5.0,0
-1.1781,3.297738576366473,5.0,0
1.9247,5.414323151785521,0.0,0
2.1811,4.132434350137173,0.0,0
-0.0987,8.260002879398671,1.0,0
0.9817999999999986,3.3672083333333336,1.0,0
0.9231,4.175177305677643,4.0,0
-0.6105000000000006,4.354860339506173,3.0,0
2.552,5.692487655011135,2.0,0
1.0107000000000017,10.25950239550538,3.0,0
1.5233,3.311419667352538,1.0,0
1.2712000000000006,7.935264888770184,4.0,0
1.4198999999999995,5.121949247921391,5.0,0
3.012799999999999,5.296252058400522,2.0,0
1.7811,5.843201024279309,4.0,0
-0.3739999999999996,1.1204372942386829,4.0,0
0.8531000000000002,3.828816895333724,2.0,0
1.1886,6.891482769057641,3.0,0
3.0128999999999984,9.05468704661147,3.0,0
-0.2397999999999999,2.6705519444444445,2.0,0
0.0,7.061909166666667,1.0,0
1.9931,2.7911908504801093,2.0,0
2.983,3.153482853223595,0.0,0
2.7863,3.500265089163238,0.0,0
1.9555,2.5432746913580244,0.0,0
1.0282999999999998,2.8410575068587107,0.0,0
1.3021000000000005,2.909509259259259,0.0,0
0.0693999999999999,2.6637957407407407,2.0,0
2.4947000000000004,3.93826434585048,0.0,0
1.0241999999999998,5.185813485025926,0.0,0
1.3021000000000005,2.951682407407408,0.0,0
-0.4603,2.6694447222222224,0.0,0
0.8418000000000003,2.063495648148149,0.0,0
1.0282999999999998,2.881697139917696,0.0,0
1.9622000000000008,1.705830530990174,0.0,0
0.2177999999999996,5.0777476851851855,1.0,0
-0.7499,5.153483611111112,1.0,0
0.0,10.444563326719576,0.0,0
2.0147000000000004,3.886324972372693,4.0,0
-2.4466,6.610984563108556,7.0,0
0.4285,2.8559568132716047,0.0,0
1.483,3.323028069272977,1.0,0
1.483,3.324489643347051,1.0,0
1.721899999999999,2.1627644328324607,6.0,0
-4.9821,17.347430382039185,1.0,0
-0.1363000000000003,3.845093563450072,5.0,0
0.8418000000000003,1.9984456481481483,0.0,0
0.3068999999999999,9.46335945861678,0.0,0
2.1811,4.159737073710143,0.0,0
2.1717000000000004,4.806118790679852,4.0,0
1.3818999999999977,7.796336245039682,1.0,0
-0.6986000000000021,11.456170655308265,2.0,0
2.1811,4.143221826796562,0.0,0
-3.064700000000002,3.6429069720804974,4.0,0
1.4954,6.32524469911313,3.0,0
1.276800000000001,2.64474185185185,4.0,0
0.9889,3.379399867816239,2.0,0
-0.6290000000000004,7.111448752459738,3.0,0
1.1969999999999996,2.86741234739369,2.0,0
1.9958999999999991,5.977001449987402,2.0,0
0.5216999999999998,3.4436918483214045,3.0,0
-0.1673000000000004,3.903991346253779,2.0,0
2.7078,7.621115147908328,3.0,0
1.2655999999999998,3.0438083806400646,5.0,0
2.109700000000001,3.69541907015192,6.0,0
0.8454999999999998,4.8187841056151575,6.0,0
1.7237000000000005,3.572684138151403,5.0,0
-3.3054999999999994,4.6795920119205086,6.0,0
2.1086,5.8442289649178445,2.0,0
0.875299999999998,6.428370941263406,5.0,0
-2.5466,1.483678560090703,6.0,0
1.1947999999999983,12.2235578746291,1.0,0
1.607299999999998,7.240214543440834,4.0,0
-0.0434999999999997,4.782712111153103,5.0,0
-0.4516999999999986,4.717017278977177,6.0,0
-0.5749000000000007,7.770128665910808,2.0,0
