ALogp2,AMR,nH,nX,ATS0m,ATS4i,ATS6i,ATS8i,ATS4s,AATS3m,AATS4m,AATS8m,AATS2v,AATS3v,AATS4v,AATS5v,AATS7v,AATS8v,AATS8e,AATS0i,AATS3i,AATS4i,AATS5i,AATS7i,AATS8i,AATS1s,AATS5s,AATS6s,AATS7s,AATS8s,ATSC2c,ATSC6c,ATSC8c,ATSC2m,ATSC5m,ATSC7m,ATSC8m,ATSC1v,ATSC5v,ATSC7v,ATSC8v,ATSC3e,ATSC4e,ATSC5e,ATSC6e,ATSC7e,ATSC8e,ATSC1p,ATSC2p,ATSC3p,ATSC4p,ATSC6p,ATSC7p,ATSC8p,ATSC0i,ATSC1i,ATSC2i,ATSC4i,ATSC5i,ATSC7i,ATSC8i,ATSC0s,ATSC1s,ATSC2s,ATSC3s,ATSC4s,ATSC5s,ATSC6s,ATSC7s,ATSC8s,AATSC1m,AATSC3m,AATSC4m,AATSC6m,AATSC7m,AATSC8m,AATSC0v,AATSC2v,AATSC4v,AATSC5v,AATSC7v,AATSC8v,AATSC0s,GATS7c,GATS5e,GATS8s,SM1_Dzm,VE3_Dzv,VR3_Dzv,VE3_Dze,VR2_Dze,SpMAD_Dzp,VE3_Dzp,VR3_Dzp,SM1_Dzi,VE3_Dzi,VR3_Dzi,SM1_Dzs,VE3_Dzs,VR1_Dzs,VR2_Dzs,nBondsS3,nBondsD2,SpMax5_Bhm,SpMax6_Bhm,SpMax3_Bhs,SpMax4_Bhs,SpMax5_Bhs,SpMax6_Bhs,SpMax7_Bhs,C1SP2,C3SP2,C1SP3,C2SP3,CrippenLogP,VE3_Dt,VR1_Dt,VR2_Dt,nHBint9,nHBint10,nHCsats,nHCsatu,nssCH2,nsssCH,ntsC,ndssC,naasC,ndO,SHBa,SHCsats,SHCsatu,SaaCH,SdssC,SaasC,SssO,minHBa,minwHBa,minHBint9,minHdsCH,minHCsatu,mindsCH,minaaCH,minsssCH,minaasC,maxHBint3,maxHBint6,maxHCsats,maxHCsatu,maxsCH3,maxssCH2,maxaaCH,maxaasC,maxdsN,maxsOH,maxaaO,maxsF,LipoaffinityIndex,MAXDP2,ETA_dBeta,ETA_Beta_ns_d,nHBAcc,nHBAcc2,nHBAcc3,nHBAcc_Lipinski,IC3,IC4,CIC1,CIC2,MIC0,MIC1,MIC2,ZMIC3,Kier3,nAtomLC,nAtomP,nAtomLAC,MDEC-11,MDEC-22,MDEC-24,MDEO-11,MDEO-22,MLFER_BO,piPC8,R_TpiPCTPC,nRotB,nRotBt,LipinskiFailures,GGI1,GGI3,GGI4,VE3_D,VR2_D,TopoPSA,SRW9,value
5.124790440000004,63.18200000000001,29.0,0.0,5308.300984000013,27294.96797454184,27895.180312887733,25709.74825378173,502.388888888889,63.37744998507458,50.112264739393794,49.05704441358027,208.62343501079067,191.31588522681804,150.616240848774,168.53386626939087,154.2474939793835,161.88407670202608,7.463272172839507,162.00339943583148,153.64513440871156,165.42404833055656,159.1379469852901,163.93599649075404,158.70214971470205,3.100088183421517,2.655480984340045,2.803133074935401,3.169934640522875,2.43244170096022,0.1175616864511825,-0.6105486989272285,0.1134127046903124,-142.48787125826254,-401.0583127057238,-326.56335573367426,287.79014958532645,-132.18558106527342,-840.9745709132644,47.29075957989587,-233.5010450948768,-0.1259693265251288,0.8828672356893091,-0.46535941091105,-1.473982139209905,2.802893775866667,0.0830685181403075,-1.802590421549577,3.70082846506683,-9.738920865761044,3.168128811892104,-1.8433283179942048,4.230966217064778,-3.299524496813877,86.1228968231767,-19.86969308643287,33.19388576189623,33.080483273751405,-16.174528102387207,41.27437190897368,-35.6651598439515,83.33879781420761,-2.148630893726297,3.3281226671444286,3.376884947296128,23.88640299799933,-11.705515243811444,-30.415681268476227,16.717011556033334,-0.254038639553297,2.122014154797125,-2.206555893893865,0.4623456234508444,-1.9461868799913205,-1.9209609160804368,1.7764824048476942,50.17434055317759,2.890002820270278,2.637382192684953,-5.644124637001775,0.2781809387052698,-1.4413644758943012,1.3662098002329115,1.0280423461201946,1.060230366901582,0.7188417517248423,1.5313282524576266,-112.08189825373346,53.081935516565785,-3.678988050245069,12.516317023628572,16.103086686269656,-108.99364031866013,53.08193594566285,1.3161701003066923,-3.257571619877684,18.67817734152225,3.0482222222219377,-4.509183863847163,275.68786092988694,8.615245654058967,17.0,5.0,3.326354675550158,3.084237142057309,3.896336013012424,3.8904810109850936,3.622888652630112,3.4920667954249223,3.3246553717484177,1.0,3.0,5.0,1.0,3.094790000000001,-6.238548487914303,315.37917145185014,9.855599107870315,0.0,0.0,4.0,2.0,6.0,1.0,0.0,2.0,2.0,2.0,41.55238272773279,2.921931138196019,1.3437096316181816,19.84259622911735,1.0474453425896426,2.1568175827365947,17.091471066681066,5.1622028316092585,0.4423784701616589,0.0,0.0,0.6155314066244804,0.0,1.9638056492785096,-0.064416099773243,1.0784087913682974,0.0,0.0,0.7414119583018393,0.7281782249937012,1.6835105925086085,0.4752330054305163,2.0078186847257014,1.0784087913682974,3.5726675864881408,0.0,0.0,0.0,8.651061213443844,5.291952192959727,-2.25,0.0,7.0,6.0,5.0,7.0,4.635334878404625,4.72565905880343,2.6213782320547354,1.5448988681561886,13.838059880374082,31.138804711461265,35.14158482592931,38.75717463125324,8.62809917355372,8.0,8.0,3.0,0.1666666666666666,22.97785845382848,0.0,0.25,0.516459056608978,1.907,5.647652943100006,3.415203651685393,12.0,14.0,2.0,5.0,1.8125,1.4977777777777783,-3.605478828483207,10.966965594827013,74.19000000000001,0.0,4.53
5.124790440000004,63.18200000000001,29.0,0.0,5308.300984000013,26958.159938380035,25501.76080837564,24262.054953710667,537.1388888888889,63.7349116865671,50.443760524691456,50.3867423921569,208.62343501079064,190.4144867217919,148.4376846231837,170.2862093465587,162.98746450923028,163.61378716630355,7.452683764705887,162.00339943583148,153.8432610678533,166.40839468135823,158.65120624514765,161.72011831733943,158.57552257327234,3.1000881834215166,2.786496350364964,2.721160651096957,3.1037037037037027,2.3936092955700805,0.176301983875121,-0.6066034222860932,0.0280463970638995,-142.48787125826266,-444.28742720263335,-529.499772911583,484.3350134872349,-132.18558106527337,-989.4980837031004,-403.7829880009938,-37.60568654650071,-0.1404080150497214,1.3786948787959872,-0.2721127729105161,-2.309312710561674,1.8290084020424384,0.3435784638538277,-1.80259042154958,3.7008284650668295,-10.230877695334817,4.360739485007324,0.4233968316849305,1.2820453867060906,-2.8373685226801206,86.1228968231767,-19.86969308643281,33.19388576189625,40.29736604320821,-20.08562237574816,24.971849673483863,-33.729815883949044,83.33879781420761,-2.148630893726297,-2.1718773328555585,0.6309833079518701,30.44313804532828,-5.77957687598914,-41.98537579503722,7.079914300217988,8.709882349428177,2.1220141547971267,-2.0625531853056533,0.6084096813099459,-2.2186903057855565,-3.52999848607722,3.16558832344598,50.17434055317759,2.890002820270277,3.4612367304716867,-7.222613749657667,-2.6918865866732924,-0.245788800957521,1.3662098002329115,0.8657111654336737,1.0202918829390484,0.5244100568997302,1.531328252457655,-4.658024815428378,18.97521724906171,-4.675906526242176,10.002998408800456,16.327160338049687,-110.0333610000436,53.08193594566285,1.316170100306806,-4.132926011298145,19.06963394934344,3.048222222222506,-5.495462959655463,259.8233434536028,8.119479482925087,17.0,5.0,3.197840664652508,3.164820784976756,3.896334438370301,3.890481010985084,3.60547172295504,3.469631135810453,3.390261365295219,1.0,3.0,5.0,1.0,3.094790000000001,-4.533528347932325,407.5017698334463,12.734430307295195,0.0,0.0,4.0,2.0,6.0,1.0,0.0,2.0,2.0,2.0,41.65158122526224,2.910315806878306,1.3418955726612654,19.826262801164702,0.918281510390096,2.156975749737225,16.799250913416852,4.938781819519727,0.4423784701616586,0.0,0.0,0.6155314066244804,0.0,1.9627462173961507,-0.0641670078525242,1.0784878748686124,0.0,0.0,0.7382474332325522,0.726364166036785,1.6835105925086085,0.4768607313601902,2.005730645315401,1.0784878748686124,4.140700946279951,0.0,0.0,0.0,8.551345555695447,5.560378118885653,-1.5,0.0,7.0,6.0,5.0,7.0,4.635334878404628,4.725659058803428,2.6213782320547363,1.5448988681561877,13.838059880374082,31.138804711461265,35.1415848259293,38.75717463125324,8.62809917355372,8.0,8.0,3.0,0.1666666666666666,22.30759288372481,0.0,0.25,0.4367902323681495,1.907,5.72888150871122,3.465474504249292,12.0,14.0,2.0,5.0,1.9375,1.4177777777777782,-5.482806009889631,10.138161200964747,74.19000000000001,0.0,4.77
0.3710028099999978,44.3868,28.0,0.0,4907.052798000012,23398.033872179483,22917.037813086103,25022.706277225592,353.55555555555566,59.136593631147534,47.87228576760575,46.51457471153852,205.9039872353848,185.20835636821465,149.63241379040218,169.27723584160515,164.29109754270496,152.65563102338396,7.40255115384616,161.8111046839478,155.02716241395802,164.7748864237992,159.0873381001625,160.307541177301,160.40196331554867,3.0416666666666665,2.4973544973544977,2.334311424100157,2.6060606060606064,2.2621082621082627,0.0175605359082605,-0.5807464567946383,0.0928090871475069,-212.4769607217573,-532.0125662282987,-309.673139216408,776.6132913281798,-139.18957594862377,-870.1437928985187,-643.254561675692,262.3041583514864,-0.3735236813317513,0.5628681854934489,-0.4068400665874064,-1.774519952437585,3.064437227110573,0.5874296646849166,-1.9645614445792936,2.867395206771284,-7.648007261483826,2.31449699383957,0.2142141338904669,-1.109879350874666,-2.145257749327434,82.37348869738555,-18.49413150441498,23.023872801856943,22.76312752719589,-11.171016386590736,11.196948592843007,-32.409511465054145,30.617337164750943,0.1305324349319633,-2.186715550270841,-1.880912273748182,-0.0540362002906696,-3.025498744880436,-16.111986391861564,10.262906262386046,13.696855595190897,2.474018234641333,-3.4381060054189816,0.8917815657081584,-2.5361990248697905,-2.165546428086769,4.978290329026794,50.761613320246894,1.6927738495151332,2.73784501130963,-6.905903118242212,-4.498283648081762,1.681436912509528,0.5278851235301887,0.7054173786303257,1.178125706780052,0.651392710904044,1.2820626733590077,-106.6294725571537,49.363722755494734,-4.3288711230164205,10.78961247653442,16.30493673356009,-102.57957526851096,49.36372321524121,1.1430359144283102,-99.93021512625108,49.36372245620056,2.314236111111086,-4.284662295074394,395.9262509273755,13.197541697579185,14.0,0.0,3.0842371420573134,3.0715536758757307,3.8755638318181695,3.5310360371847658,3.3844817788100183,3.279057676425712,3.1999199842179387,1.0,2.0,4.0,1.0,4.217480000000005,-5.447670685958259,1389.059227962087,46.30197426540291,0.0,0.0,4.0,0.0,5.0,1.0,0.0,0.0,5.0,0.0,22.42353500940144,2.822442759511212,0.0,22.098926729384047,0.0,3.8874953118937614,22.42353500940144,5.192149921556349,0.2902850435399138,0.0,0.0,0.0,0.0,1.8233248299319729,0.1266080876795157,0.2902850435399138,0.0,0.0,0.7207997134038799,0.0,1.57835119516126,0.6654954018644494,2.0566057132602045,1.1452115836003824,0.0,0.0,0.0,0.0,10.184013257543922,2.4840620275888137,0.0,1.0,4.0,6.0,6.0,6.0,4.392126684633541,4.590571081259867,2.7516269639875217,1.811608582994208,13.433839496039658,28.24558076754652,32.91424052705418,39.96138816097336,9.1875,8.0,8.0,3.0,0.1666666666666666,23.41144044513925,0.0,0.0,1.032918113217956,1.6070000000000002,5.514184508891471,3.3229,12.0,14.0,2.0,5.0,1.4375,0.7555555555555558,-4.8448403872860775,11.554335926465626,62.70000000000002,0.0,5.46
11.69845209,74.7947,34.0,0.0,5857.877547000016,31795.805521904244,34789.300050056896,34116.69933332018,615.9722222222221,65.67292214000004,52.79296376439785,44.06671067772502,201.19595592756585,192.9694256003001,152.4245776652994,171.69422714013533,153.00676954459172,147.22165775657132,7.476865990521328,162.98312498100677,153.56023508262297,166.47018597855626,158.01111097615737,162.6875866084132,161.69051816739423,3.045383411580595,2.7376190476190474,2.837133123689727,2.9569716775599124,2.306740389678778,0.1982883834542817,-0.6928808010173362,-0.0492349209857599,-153.85795910774948,-532.006315761816,-732.2256749640853,563.5964568941356,-219.7537235204756,-1489.9456521084858,-797.3892064221559,255.1401215079081,-0.1723579886578554,2.049694670867403,-0.5117377307288575,-2.5764224179794817,2.6312528594832547,-0.3333061314849478,-2.6850176539124275,6.4476324705539,-11.621450951432644,5.548439779696763,1.1710655411330235,0.0860788369575128,-1.4867562218526271,95.18289688711448,-28.492152067451425,53.31658305827351,56.8749739847794,-43.49942350338305,18.704934022422968,-28.650176133720404,87.39694041867929,-1.876642395388456,-11.274533828094004,1.427343695302106,33.77883964619945,-6.427827953977904,-48.94704077107991,15.441976475530364,-0.3430593479428205,2.4004680237493305,-1.588453344725884,1.0469371886499166,-3.5786870705585465,-3.5893415439415945,2.6710732554224434,49.87434916979677,5.608766934808777,3.9811000246743338,-8.513975154905634,-3.90877061971645,1.2091948886630717,1.2666223249083957,0.9516465888865046,1.0419799669319685,0.708816505414893,1.78059383155653,-5.499589225057215,20.25459158177756,-4.036762207364596,8.574185914140168,17.479950493369643,-5.050396208762369,22.0019411051166,1.4893042861849608,-3.4425233220537,20.22050019571125,3.208127572016224,-4.564315432573269,268.3731965448053,7.667805615565865,20.0,5.0,3.358489289738157,3.197503694152387,3.89737511540452,3.891516784054237,3.624947118912756,3.4976185020113846,3.455951996046227,1.0,3.0,5.0,1.0,3.2343900000000025,-4.759853234321241,332.1164259749711,9.48904074214203,0.0,0.0,4.0,2.0,7.0,1.0,0.0,2.0,2.0,2.0,48.302076762842766,2.9555071334089185,1.3662705726612652,19.86664289008209,1.097818547427133,2.150164667534728,22.37366510179104,5.057774875075283,0.481313655346844,0.0,0.0,0.627684184402258,0.0,1.96560716278332,-0.0821243018812469,1.075082333767364,0.0,0.0,0.7486555964978583,0.7385863882590071,1.7243439258419415,0.467577536600805,2.0106796301128704,1.075082333767364,0.0,0.0,0.0,0.0,9.210905870252422,6.025702192959728,-3.75,0.0,8.0,6.0,6.0,8.0,4.662518116041685,4.829326449437728,2.876487853841378,1.6955611370969716,13.83754566155735,30.359696956183083,34.77655466023644,40.95388342139521,9.05723204994797,8.0,8.0,3.0,0.454280148208035,24.28533378654671,0.0,0.25,0.887842356724777,1.544,5.907063396874159,3.407934131736527,14.0,17.0,1.0,5.0,2.375,2.04888888888889,-4.322442692300064,9.190345386030948,71.06000000000002,0.0,6.52
5.901498490000007,92.7762,36.0,0.0,6981.462402000017,30746.804351179784,29927.966962125345,29169.472122479925,726.7777777777778,61.30987398901095,59.62248831937168,65.21105698387103,212.04552520809327,184.46071243915108,173.6252171062158,184.10586142403656,176.75956803892507,191.51950772432883,7.716192623655911,161.0498506420573,157.49751623063798,160.9780332522502,159.4295996139031,161.55093987476974,156.82511893806412,3.235069444444444,3.190582293523472,3.8209714950552622,3.5317073170731703,3.64038231780167,0.5265286398661287,-0.0692328184574699,-0.5620549925811273,373.5588727869748,1036.0280432662703,-268.1854930059219,260.2299874437802,-125.08886106146042,1482.3177416700198,586.2572365879101,-66.12641844557353,-1.4268622905983128,1.8417192399736608,-0.2005510585141385,-1.2009346061802102,-0.5737258435240622,-0.2338346587771373,-1.6137838940235665,0.6389388800094343,-1.0188139392127986,3.213047733736366,-5.00141334902714,5.8794015128740575,-2.874289132953116,109.75728258756128,-20.70451624167254,15.017823028692575,14.382031456780876,26.14443011909665,44.49634281188595,-8.561469266884224,166.68660968660933,-2.7989444079187664,34.25149755277959,-12.139838556505165,53.7873475052961,-0.698097012199553,-44.654960187011504,-52.81452260939435,11.5621301775148,1.476554437869706,1.1673913110735192,1.7005387616716587,-3.403917967688017,-1.3082219171020582,1.3990859539988183,50.18405148754058,0.5332237512703486,2.570446178292056,7.926832843155186,2.859791397989805,-0.3555183787396426,2.137007816494992,1.139810541123689,0.9439701181472462,0.9721121735088792,2.029859410655206,-6.369686722843363,28.358297077469484,-6.6903421691364295,20.93038774823596,17.06213194666767,-2.851651760292284,27.988223126303524,1.662438472062945,-6.628213170298239,28.369395105594226,4.118278018277181,-6.522920332887686,750.8006492169151,17.876205933736074,23.0,8.0,3.4293414510221525,3.4145788030628266,4.665115351038257,4.622115196893902,4.593510815370358,3.9367566968332097,3.8054250865999135,5.0,4.0,6.0,5.0,4.643970000000006,-5.1779653862158215,908.112481900039,21.62172575952474,0.0,0.0,10.0,2.0,8.0,1.0,2.0,4.0,3.0,5.0,72.9489388343086,5.673963932927943,1.261831130526836,15.816631322951714,-1.777465023154288,2.0696212194888006,10.183079926284584,5.091539963142292,-0.7677701892458664,0.0,0.6952767157978613,0.630915565263418,1.3336099021028671,1.5210286034244629,-0.416409310872458,0.1755684112119173,0.0,0.0,0.8234330120937263,0.630915565263418,2.1602766058125704,1.1661668955371471,2.004147943804468,1.2040949054576056,0.0,0.0,0.0,0.0,10.591829362522992,6.407451369546548,1.25,0.0,9.0,7.0,7.0,9.0,5.349254141828225,5.37361484092938,2.738072809076407,1.3531907054055718,13.709639258022644,34.46348294609033,41.6197405075071,35.559994485820226,12.378496330093236,13.0,24.0,5.0,0.203581321244618,30.762801056918228,0.0,1.3233277751762984,0.25,1.304,7.363953107719071,8.982530381944445,15.0,18.0,2.0,8.0,2.25,2.56888888888889,-5.17391445845358,63.921382991907365,103.81,0.0,4.1
9.388096,69.53170000000001,23.0,0.0,3747.8595099999993,17964.799095121452,12768.27148598343,10970.44994767894,395.4722222222222,50.54210995327114,46.06922252777793,52.71674085294124,186.8668845040148,155.23976028687463,140.79288320155376,149.00262198425034,170.5546627313209,163.58700421823266,7.85686694117648,165.4689102850606,161.47544442637994,166.34073236223568,165.81136434298128,163.3166897629539,161.33014628939617,3.2283950617283947,2.932669082125604,3.485935302390999,4.833333333333334,3.647058823529412,0.1081601167526244,-0.2892846459956013,-0.2652836756829081,-62.52403630864029,265.89178361728386,-602.4975998271582,-558.880921901233,-48.31479432856904,630.0107377656159,-667.1167219530658,-718.6260121299094,0.4465356898765433,0.7647100977777772,-0.0700269175308646,-0.9658368869135794,0.3501780069135796,-1.3516501293827157,-0.3785467014666545,-0.3394050761859654,-1.5148099325962865,1.5891006830854515,-1.571907073926724,-1.3933279612025469,-3.2970589162130506,61.27970829365313,-11.508584079147417,6.922950567740159,2.0998987724496923,21.048234462193665,5.6706731731127125,-13.987804748822573,107.6086419753086,-6.544444444444444,8.777846364883404,16.564513031550067,20.19419753086419,-16.159766803840842,-22.920356652949224,2.055912208504785,-29.912318244170045,-0.3426366716048864,6.304420875620165,1.858601657407407,-1.1154972511329737,-8.14185945712376,-8.21883708678284,48.469338297822304,-2.5766245967873163,2.5944070183534405,6.847942801800173,-9.015090837203592,-10.568029590145729,2.3913031550068573,1.158795050576042,0.9150823284597293,1.4401314373138645,1.2820626733590927,-5.327958267720915,12.79926968271002,-4.461797450826287,11.409031612105654,11.289282165387103,-3.641698946655193,12.793832457930757,1.1430359144283528,-4.030283587914829,12.225111871070464,2.976488095237954,-4.116141720495069,394.2265916474431,17.91939052942923,16.0,5.0,3.092389119464352,2.9370803041815883,4.256848979642982,4.159400314272251,3.776216771454141,3.4816075172107177,3.351686721203443,2.0,1.0,4.0,5.0,0.8917700000000004,-4.998576690085899,228.2379261775448,10.3744511898884,2.0,0.0,10.0,1.0,8.0,1.0,2.0,1.0,0.0,2.0,41.37826751008166,4.904149804566679,0.5267872164361611,0.0,0.2089309334845051,0.0,0.0,9.023668072134676,0.2089309334845051,6.632833106069368,0.6464342009952129,0.5267872164361611,1.4129920162509448,0.0,-0.2894388009698052,0.0,0.0,0.0,0.6797916666666667,0.5267872164361611,2.106164455482707,1.1089294303580015,0.0,0.0,3.442542753212396,9.023668072134676,0.0,0.0,3.942639362711769,4.675249440264321,-3.5,0.0,6.0,5.0,4.0,6.0,4.763966707392708,4.700527752453301,2.276412486616605,1.038997500048076,14.624174017950487,31.41775771544078,35.285112823209815,25.495656029414288,7.421875,7.0,10.0,7.0,0.0,13.314767548802983,0.0,0.9499142515929966,0.0,1.533,5.749392985908253,5.405479452054794,8.0,11.0,0.0,4.0,1.125,1.004444444444445,-3.8329053878823554,10.730384672030736,86.96000000000001,0.0,4.12
0.6334568099999999,91.9856,30.0,0.0,5965.517171000014,27531.38266085571,25379.512255303474,25266.34562450386,666.0833333333334,64.64450410204078,58.86392031137713,64.503207214724,209.41827116628565,189.33702306518524,161.94098803837332,199.8755253269464,164.92559842274352,189.2741776886023,7.744328834355822,162.5357222354611,156.18344765747992,164.85857880751922,158.3962690572624,167.12666384111378,155.00825536505437,3.3890993265993266,3.608780108780111,4.218192729766803,3.613844562647754,3.812201772324466,0.5666580590773965,0.0457440733223689,-0.3472861371505056,791.5831981810658,509.88603862769287,-839.6224842231954,-382.0972685368047,-184.6805033907169,859.2418899947784,1226.353356905876,-1511.845052568608,-2.212733725917172,1.818238321420103,-1.046592787692325,-2.074274275029642,-3.18584446579888,-0.010459324970409,-1.9758055108439927,3.4333808478790058,-7.026526232361977,6.981853292799002,-9.73948341296497,11.678890352281028,-9.811063494039972,90.7324164955914,-23.481001511118155,27.774973636251115,29.67318223380293,15.04978194329006,108.55492628424476,-48.027433627138926,162.08376068376083,-6.108980933596318,37.29400887573965,-36.82489809335965,52.97657297830372,-15.847200854700857,-60.39967619986853,-92.37559500328707,20.920723208415524,1.4281746886283118,-5.006347398884204,6.369603357804619,-7.616834467816488,-4.466077043740401,-2.3441550216981883,48.92830376219598,6.774687057351854,9.417833502685513,6.00868454541803,6.523156153754659,-9.2751230218933,2.493596318211705,1.235975543367273,1.0454981851447327,0.867174313449771,2.029859410655177,-2.51127743662482,19.91540321014645,-3.5433436187260874,8.82506839839716,15.37344198277488,-1.543448257999596,19.889059064477447,1.6624384720633143,-3.0567949468879707,20.390076730032263,4.101442307691855,-2.367940369281747,306.9168772203326,8.769053634866646,21.0,8.0,3.414578803062825,3.3500909308002043,4.63152234648752,4.589177420553455,4.558072534318037,3.7930942210059526,3.7673699793054887,5.0,2.0,8.0,1.0,2.9090700000000025,-6.007626877477863,629.4005612804883,17.982873179442525,0.0,0.0,8.0,2.0,4.0,1.0,2.0,4.0,1.0,5.0,71.88487507448342,5.163825982578846,1.247372940384408,8.013309448521388,-1.737089564452825,0.1821976699630472,10.088690333839006,5.044345166919503,-0.7591345383679438,0.0,0.6753113189720332,0.623686470192204,1.326290942302847,1.5141728740194162,-0.3990627251436236,0.1821976699630472,0.0,0.0,0.8044470147256944,0.6236864701922041,1.8733288242528647,0.2681918068153184,1.717699423522975,0.1821976699630472,0.0,0.0,0.0,0.0,7.161111747713304,6.188837304211807,0.0,0.0,9.0,7.0,7.0,9.0,4.7677697357725375,4.8101526204212055,2.4849698995795646,1.3716694691703282,14.566029455540937,35.2527232879669,39.41142512673898,36.82665187625063,10.715912588488766,13.0,18.0,4.0,1.415845912056503,13.976197882285604,2.073594371165901,1.3233277751762984,0.25,1.5450000000000002,6.931776934824046,6.38875,11.0,16.0,1.0,9.0,2.375,2.506666666666668,-4.879119316504763,9.72260405935902,103.81,0.0,4.15
1.9396132899999965,74.6038,24.0,2.0,6969.827677299553,23822.755312802183,23781.48029657788,24846.31931705166,777.1111111111111,77.42231971459434,77.5321072156888,81.4352813200924,233.04108925613733,205.27611106150428,191.4970806167956,204.3191405374297,185.4785185802427,204.8740374593236,8.068683256410253,163.74623277808695,159.2089389544719,163.16955693700126,160.03481239494317,163.6090729276576,159.2712776734081,3.875213675213676,4.02190923317684,4.476425438596489,4.077842377260982,5.051638176638174,0.5718368425360547,-0.0600748608940649,-0.0118867599368814,406.46043737605567,477.00420684066586,16.75098633891453,342.7607463000029,-122.6303529915263,1071.4871316432543,1111.0545714089212,-442.2701643279116,-4.067515414462082,1.3715794487276198,-1.8764204283194568,-2.889813497606458,-2.107571509196273,3.056862633408927,-1.57055294133886,0.7547855113681272,-2.036772133163378,3.2328119712921355,-6.117236944891556,7.0872001072183455,-3.496783685946734,134.63670620428334,-21.647630297546915,2.2731814377028683,14.223327691218191,20.184108219636084,26.89709795733705,34.79905861132521,226.634920634921,-6.854371378180904,31.44337364575462,-68.9858906525574,70.34782060972536,-20.10481229528852,-82.78275384227774,-73.06324011085937,57.54421768707484,1.2194426760801842,-3.572505345492361,2.458821029370867,-7.488822167849124,0.0973894554588054,2.1971842711538647,46.399455281234886,1.8399391066283632,3.798949373139846,7.545684025656722,6.4596196012146585,-2.8350651559481514,3.597379692617794,1.1134964305773751,0.9065648265203448,0.812884871292035,2.76543735648994,-2.5350419086689,23.31367617572515,-4.288674939407652,12.184233890949615,16.289263463171622,-1.5825761375338463,23.018641605666247,2.369844859096389,-3.903849545350209,23.92583021499095,5.754591836734392,-1.7309908356875072,541.8873350084416,13.894547051498504,20.0,8.0,3.4145788030628346,3.3715260399134275,4.748661124502509,4.626827923635385,4.624469989394299,4.581971886796064,4.550759729103094,5.0,3.0,5.0,1.0,3.189470000000001,-4.6920215218449846,798.0115900231328,20.46183564161879,0.0,0.0,5.0,2.0,4.0,1.0,2.0,4.0,4.0,5.0,99.2686372274878,4.0342699706498415,1.285268630526836,10.244499821699115,-2.2657969076794,-1.7253309966943888,10.027831840850142,5.013915920425071,-0.8924296063951551,0.0,0.7452071523053665,0.642634315263418,1.1357297178130512,0.6656106579538354,-0.5002719554942681,-0.868020419761456,0.0,0.0,0.8534330120937264,0.642634315263418,1.2161617983998383,0.152950648387607,1.6569761807318002,0.0723644631049036,0.0,0.0,0.0,13.58289420288598,8.4811331883993,6.252058547579831,4.0,1.0,9.0,9.0,9.0,9.0,5.052444010698481,5.096172383748693,2.1705130860562782,1.2558637377581556,17.622314844247757,39.13028055737843,44.49998456641755,38.63056524753189,10.650519031141869,13.0,24.0,4.0,0.1249999999999999,19.249214031414137,0.0,1.3233277751762984,0.25,1.501,7.332287449807527,9.231057168784028,11.0,15.0,2.0,9.0,2.9375,2.720000000000001,-8.270854233914017,17.322800307849914,103.81,0.0,4.19
3.450306249999997,54.63380000000001,19.0,0.0,4032.323496,17108.881895155966,11490.248659879038,10939.08590216944,403.4166666666666,61.05045347959185,50.55680664423085,63.84369592647067,220.3614827112115,183.51312400031,152.55925694885462,162.46504166097546,196.0576149124361,181.50025401214444,7.960811117647067,161.86090853280768,156.62576936077625,164.50847976111507,164.60550503239168,159.08275441049562,160.86891032602117,3.538510101010101,3.145348837209302,3.813271604938272,5.269444444444445,4.125,0.110802051061994,-0.3306990787142587,-0.2853012979744486,-179.30965777393055,331.0018991395341,-388.7491335667914,-351.44404617252496,33.356775263060825,871.6030118012919,-589.9694390463043,-358.1119233375117,0.0820032038939959,0.5425510849107628,-0.2000023255813954,-1.18664412547323,0.6860816506219607,-1.512740852352624,0.1475164546222276,0.2798329914485924,-3.382213786597725,1.888587911308533,-0.2751466275287151,-1.661613640168369,-1.867927691244395,62.69256526628697,-7.421619938222693,14.168767039639803,5.816352629431889,30.24023605898417,-5.325333172754791,-10.622052464791825,104.35400516795856,-9.141953608557175,0.4288954990685609,7.55689261462653,14.64638543356771,-18.569767441860456,-26.39766240009611,9.702782284718454,-31.02041644131961,-0.1591904841314379,2.115187830868314,0.7119583603351018,-1.239264827301535,-5.553559050954163,-5.168294796654779,48.96324891610263,-2.5586337920915474,2.312291876523166,10.134918741875488,-8.428134843518633,-5.266351813786937,2.4268373294874084,1.1008715554556237,0.9591370309587466,1.4708958444093263,1.2820626733590217,-3.3873511209873244,13.927647697976214,-6.87913774373416,12.86876160507713,11.13458162531408,-2.6083666732563726,14.415577217596104,1.143035914428438,-8.04666032400429,14.351124818798224,2.810515873015717,-1.879317235032636,435.0308367249076,18.126284863537816,13.0,5.0,3.104249203213241,2.9334616703255896,4.112593122738038,3.999621688284306,3.888456893132467,3.6367614749080097,3.372548681935573,2.0,2.0,3.0,2.0,0.5541699999999996,-3.188607858648266,241.888572064185,10.078690502674377,2.0,0.0,5.0,1.0,5.0,1.0,2.0,1.0,1.0,2.0,41.655686263811575,3.1302573920226062,0.6860927719917167,9.62232140393708,0.162109315948602,1.0346880587379328,0.0,9.061077866756008,0.162109315948602,6.67116665219535,0.6654733560090702,0.6860927719917167,1.3903458049886623,1.913208842046879,-0.3088491927665606,1.0346880587379328,0.0,0.0,0.6969368718753188,0.6860927719917167,0.0,0.4965330317796945,1.940355743291419,1.0346880587379328,3.453126732174351,9.061077866756008,0.0,0.0,4.427293322241179,4.778148620559335,1.0,0.0,6.0,5.0,4.0,6.0,4.711034812791319,4.711034812791318,1.7017014717156749,0.8921983250372163,14.816438580676056,34.693596671517305,37.44753823584232,27.96698419611954,6.682445759368837,7.0,10.0,4.0,0.0,17.51390334248224,0.0,0.9499142515929966,0.0,1.593,6.35208482297931,8.414543524416136,6.0,8.0,0.0,4.5,1.1875,0.995555555555556,-5.841255623957178,66.35058379740747,86.96000000000001,0.0,4.2
15.429184000000006,78.26650000000001,29.0,0.0,4186.748257000012,22401.664560237183,17205.1369510992,14424.989917894623,432.2222222222222,44.7632533731344,41.227749777777895,46.34323691011251,180.510123421512,146.50036854896203,135.00760311580092,140.5767752724067,153.20925082281147,153.06963334113792,7.651844898876416,165.48129524524484,162.05028372192828,165.93825600175694,165.47488222411786,164.21673976432737,162.07853840331038,2.9819958847736623,2.571895424836601,2.954140461215933,3.943894389438945,3.193820224719101,0.1018530423545433,-0.2887255289946941,-0.2655612990973241,-166.78938928737776,351.7854090346365,-300.8265633974605,-350.6313135126878,-55.38942010866724,672.1145276384831,-373.7626580579909,-488.1680202177622,0.6352224224965842,1.1440618888888858,0.2330199080932841,-0.5670360438957507,0.9756020315500517,-0.970317342935537,-0.4093111727777604,-1.4001231584640903,-1.3959499867299772,1.5865755136754705,-1.4264239595035333,-0.5034719960310929,-2.508260074280791,72.21409239402074,-11.529495732839878,1.4120314899222173,2.0746666396812694,21.034578937577308,9.357671440175398,-10.322334987974497,111.18775720164608,-4.782407407407407,11.704522938576448,21.69663542142965,30.451388888888864,-8.77384354519131,-12.644795000762114,16.140594040542585,-23.24155044962664,-0.1926622976679822,5.685310232607538,2.132116230384091,0.5505849647617655,-2.9784808257174307,-3.939677679917841,49.08069058337952,-4.5018964453096215,2.311541824007528,5.648021240659522,-3.7006203768117913,-5.485033935031036,2.059032540771224,1.029954385040801,0.8347885981107744,1.3168710971899795,1.282062673358979,-4.025179737336699,15.341004276412116,-2.200067053281936,15.760830639629118,13.139280243607184,-6.229555643535488,14.638574298182332,1.1430359144281963,-2.050367625461333,14.484564247829804,2.991917293232888,-1.879067811308747,285.6414277966114,11.425657111864457,19.0,5.0,3.211758768141195,3.051414759718797,4.31065718044443,4.218217353166102,3.804028873265635,3.517823644747331,3.4569240508807257,2.0,1.0,4.0,8.0,2.0620700000000025,-5.047180962244367,256.91212247503023,10.27648489900121,2.0,0.0,13.0,1.0,11.0,1.0,2.0,1.0,0.0,2.0,41.67823626741094,5.665122944105826,0.5267872164361611,0.0,0.2177128923832569,0.0,0.0,9.071385032625296,0.2177128923832569,6.577045002210674,0.6401319741816225,0.5267872164361611,1.4282970871620764,0.0,-0.2906754686316102,0.0,0.0,0.0,0.6797916666666667,0.5267872164361611,2.187729580677201,1.2696958342997893,0.0,0.0,3.4762732738572524,9.071385032625296,0.0,0.0,5.891179111021596,4.773916714263555,-5.0,0.0,6.0,5.0,4.0,6.0,4.70387106693822,4.822211058152352,2.775239206038363,1.5566269705735165,13.76302223336652,28.901835672059743,33.05682312310959,28.066362050017847,9.482448979591837,10.0,10.0,10.0,0.0,19.376048123966694,0.0,0.9499142515929966,0.0,1.533,5.771441123130016,5.116915422885572,11.0,14.0,1.0,4.0,1.125,1.004444444444445,-2.872620003577436,11.15298096821334,86.96000000000001,0.0,4.23
3.318955239999994,90.9636,27.0,1.0,7074.907358000013,23190.813223958503,24204.85312090786,25051.659620218128,637.1388888888889,69.8103548695652,70.79424465034958,70.71454051592353,211.28060424663545,189.7827381827048,183.7329389203418,197.56363362852963,174.03851693594456,184.6495768549732,7.893857388535034,162.11990420901813,158.7020566528812,162.17351904866086,159.02271616639018,163.2847303103136,159.56471095680337,3.4019694297472074,3.636331569664905,4.1827779122622974,3.637521181312033,3.750766690257136,0.5213483842303923,-0.1405472059024364,-0.4439874661110206,10.082314776275624,484.4200588085334,-313.6391817440176,104.01719010509969,-178.31171894532355,722.5388001144543,451.2289206801038,-362.5022976933493,-2.4690242809573384,0.3444924216961199,-1.176250116024975,-2.988184624609817,-1.439499432362143,-0.1996175689386069,-1.8918171823530268,-0.2256607783671419,-1.8742338069542896,2.778752796534355,-4.591216362242201,6.071772151183205,-3.5927835020707013,86.28160263614089,-23.238337073231616,12.792138234528217,13.009339124265551,9.432570997708693,40.16112944356573,0.2538357596964298,159.9718577764013,-2.121639745295924,30.49756597652928,-24.194612284205228,37.30322244212287,-17.38294526782272,-73.5535358183452,-62.73015216520051,-14.817348955317373,1.2290271147614271,-1.6776896321163108,-1.3378231235164404,-8.478784805241002,-1.844936363200104,0.6625298732808896,49.09626799858713,-0.2682329997817811,2.434210214625025,5.160991429388959,2.6542877687064927,-2.308931832441715,2.5801912544580854,1.0713842159124682,0.9859906092558456,1.051762342785247,2.691044177932838,-2.84003351833963,19.948469108762463,-4.194425240761881,8.875475488811047,15.680034076501666,-1.7435998419217762,19.89589834916116,1.7940993846586082,-3.664875848631088,20.239401847248665,3.947009611183489,-2.847771242234204,329.08616326315007,9.402461807518574,21.0,8.0,3.4145788030628217,3.411142707570092,4.697147440638869,4.656217472398684,4.626059481319188,3.817085985535656,3.7431898853660095,5.0,2.0,6.0,3.0,2.881970000000001,-5.520976958352465,1057.117272411674,30.203350640333547,0.0,0.0,8.0,3.0,7.0,1.0,2.0,4.0,1.0,5.0,72.69377307547825,5.226452316435175,1.8255232189204988,8.060144273002965,-1.6615844963804751,0.1970141693423623,10.095487386486042,0.8929336458521818,-0.7407399228056695,0.0,0.6798061145754598,0.5783431797706586,1.3506076782564878,1.524762581418888,-0.3852789559137266,0.1970141693423623,0.0,0.0,0.8043009120154889,0.6235900195749202,1.268389212719171,1.105008052776569,1.7254024823103662,0.1970141693423623,0.0,0.0,0.0,0.0,6.441354850314301,6.14652221837873,-0.25,0.0,9.0,7.0,7.0,9.0,5.078959818346708,5.1233934877364415,2.273672932767008,1.0624887577568902,18.1456506936914,39.16631323384007,43.92518765301143,34.34874762239497,10.715912588488766,13.0,18.0,5.0,0.1249999999999999,20.237082670472283,0.0,1.3233277751762984,0.25,1.498,6.807174986497301,6.152651083238313,13.0,16.0,1.0,6.5,2.25,2.266666666666668,-5.7757690266124975,10.304648461809307,103.81,0.0,4.28
9.388096,69.53170000000001,27.0,0.0,4617.508492000012,22538.62061939329,16508.697368399917,14128.594056893226,459.9166666666667,52.7983333458647,45.86520864492761,54.71412815730344,205.12666029365937,169.2804773401351,149.39170237881365,156.84377641578052,174.57618240958303,173.55470622281214,7.668669483146077,162.66432195390405,158.34110591392258,163.3233378216905,163.4396423283944,161.25449331454195,158.74824783026096,3.170138888888889,2.716023875114784,3.254232804232805,4.315170940170941,3.435081148564295,0.1133417501147869,-0.2163282317882447,-0.2943512502127759,-73.8687411447911,556.5762825599995,-416.4390311087585,-303.81673444429634,26.95770532677096,1173.1237958038068,-504.6295499749341,-486.03330974345096,0.429912165289267,0.9928391735537172,0.200546909090914,-0.1606931900826468,0.7614891900826263,-0.8069158347107508,0.0876721359408117,0.3850155329473286,-1.357427292682909,1.8497644858017304,-2.16308345885542,-0.9149713264776378,-2.714552202674973,77.4935956856044,-7.814618804925903,13.920508092666836,6.237341677318164,37.15622616619362,4.861324676165137,-9.949262881860877,110.2676767676769,-6.857897153351697,9.79224058769513,17.65725436179981,23.53191000918273,-9.108585858585862,-2.7105142332415184,11.647382920110186,-18.09779614325069,0.1427266429103133,4.408988471327912,1.0440679456629527,2.396914095789069,-4.004221452968832,-3.41367117353142,50.344653929734456,-1.2521075905716674,1.7935994155791628,9.695237981849644,-4.852207211297443,-5.461048424083718,2.0048668503213984,1.051747512918154,0.8436548447834579,1.2271975676444828,1.2820626733590643,-8.723848897260094,17.159274140451046,-4.76763015989629,17.07873012526903,12.728068977557234,-5.0518503187322,16.760619278265768,1.1430359144285092,-4.375652503758735,17.091811388704073,2.8038961038959656,-9.217740385329222,385.31460913628223,13.761236040581508,17.0,5.0,3.2938501580257284,3.083460451863389,4.181157496646708,4.075975863886229,3.962536720777356,3.6093024389246575,3.418976223362334,2.0,3.0,4.0,5.0,2.0924700000000027,-6.048392825941086,270.53529753175445,9.661974911848374,2.0,0.0,10.0,0.0,8.0,1.0,2.0,1.0,2.0,2.0,42.09131730673113,4.78772090769538,0.0,7.936847838506527,0.1492308002810347,2.053766302348138,0.0,9.126796439034592,0.1492308002810347,6.609726715410164,0.6646054195015649,0.0,1.398405505529423,1.9258922500359188,-0.3155527092276167,0.7889042285876706,0.0,0.0,0.7013790469891661,0.0,2.1790809049637483,1.2161697730151069,2.0425316692173445,1.2648620737604674,3.4956632333895348,9.126796439034592,0.0,0.0,7.060356038314138,4.957847490122368,-1.0,0.0,6.0,5.0,4.0,6.0,5.003998122576231,4.988457159443989,2.255421861312439,1.0682706818575198,13.68651284363438,32.91980787211826,37.45924179714127,29.06229757601505,8.345679012345679,7.0,16.0,5.0,0.0,20.93261198789888,0.0,0.9499142515929966,0.0,1.581,6.841348346784538,10.368968386023294,9.0,12.0,1.0,5.5,1.125,1.3066666666666673,-4.631366117918041,9.60824336726139,86.96000000000001,0.0,4.32
2.141246889999996,81.4579,25.0,1.0,12633.614308999988,23463.23302868343,23675.257866750773,24375.622566571044,652.8487654320988,85.40393265000004,76.7267647534246,83.20033149358983,235.1124664138224,207.3257330672787,190.69102134364857,204.5071022139361,184.284969991238,205.29819158798497,7.862696974358974,159.26013123497978,155.85891899318247,160.7070755389276,158.55429809086283,162.49076336904534,156.25399081135285,3.543542260208927,3.679936098069902,4.336409600389861,3.819426500143555,3.971252769863878,0.5431853377993711,-0.0468753830052342,-0.6382468445945724,562.675562075079,952.7758857183188,166.07188248778562,485.7312277535912,-122.2116768815366,1232.897252542751,1058.8682856562004,-113.772877214364,-2.601117054673733,0.4171392393549726,-1.1053122053413968,-2.440366958679802,-1.5285331637692336,-0.8414208314436857,-1.489145843068468,2.521931814788249,-2.35381395541948,2.527563436482606,-5.3202253816546206,9.252014608459126,-1.712189804049796,90.44400187149276,-19.80570926481058,21.06714225595048,16.01912594806898,24.862963609362343,56.73814243449659,-7.907599052605967,158.21156128203478,-4.87563048640682,25.95843820559266,-28.451930660492565,34.439665099134224,-15.95331642157447,-67.23483452086325,-62.55788933594084,3.688857420730808,0.9212801196658192,-7.074963564373912,-6.180913310250325,-7.180263131640277,0.9655342005103816,3.113661716369174,50.02293378418248,2.2660093256801552,1.4538123045466078,8.682375017906697,6.156210963117444,-0.7293133154766923,2.5112946235243614,1.0789369456061977,1.0273808507864564,0.9581922471067142,2.879541529197297,-2.4356270180636934,22.357790892990224,-4.33358519631514,10.676259284690513,15.693705196335497,-1.3070196196867914,22.159534724197144,1.7092904587227054,-3.954168831767338,22.777065711594897,3.4572291235331534,-2.046687595361702,524.4144572069945,13.800380452815643,19.0,8.0,3.5952963496836303,3.4145788030628195,4.604309212407298,4.561379387748952,4.529909136926383,3.909483885090764,3.783024064192056,5.0,3.0,5.0,1.0,3.673770000000003,-4.653836144130511,458.1993741556382,12.057878267253637,0.0,0.0,5.0,2.0,4.0,1.0,2.0,4.0,3.0,5.0,72.45062970469576,3.921689820461951,1.26151074093309,15.730308437276884,-1.7694070369322286,2.1647093286010626,10.136826480272132,5.068413240136066,-0.7656860768233427,0.0,0.7024866733387456,0.630755370466545,1.326378105082911,1.5168772960614452,-0.4092853229866571,0.1773153397161337,0.0,0.0,0.8230503980747488,0.630755370466545,1.2646118536670432,0.259498938528069,1.9873629643806,1.2865486091613092,0.0,0.0,0.0,0.0,7.662335121149765,6.294189516358527,4.5,0.5,9.0,7.0,7.0,9.0,5.052444010698482,5.064426352002662,2.253358815403478,1.2704619050366324,22.10668943302069,43.15475273636477,49.31540077261079,39.32825667367475,10.413223140495868,13.0,24.0,4.0,0.1249999999999999,22.03857282941652,0.0,1.3233277751762984,0.25,1.546,7.298614234700939,9.022211720226844,11.0,14.0,2.0,8.0,2.25,2.52888888888889,-8.152380490101637,19.17167763959381,103.81,0.0,4.33
10.845824890000044,101.51099999999998,38.0,0.0,6550.702167000018,30609.84829202366,30624.40654482463,29735.549591704406,699.0833333333334,55.37975236612012,56.51192923404243,58.609749770053455,194.6899812262916,167.69724351501887,163.6829146789578,173.93694809406367,164.3343800072843,176.70157293408406,7.710038096256684,163.00442319297355,160.2181359899605,162.81834197884925,160.69540211207658,163.1173242618142,159.01363418023746,3.1064814814814814,3.103903903903905,3.653501157407406,3.3191023535851123,3.457961972667854,0.515063497761684,-0.1534942761887709,-0.5462104279372421,314.31530592612097,947.7018153786466,-203.18286378984777,26.003645243040182,-190.3555106624613,1171.070088250921,568.5427765259859,-212.52745812354257,-1.1279230413223122,2.041289851239624,-0.13139497520662,-1.5472041983471807,-0.3073492892562622,-0.6779876363636625,-2.017945165369881,-1.051636274554646,-0.5839069791648352,3.6251602777932064,-3.671686490921524,5.489037577899114,-2.7912863919834656,105.46906683117696,-23.77166435443492,3.2726013249824755,13.346758635116078,14.031948923281076,44.35013388484984,-9.2019976494139,167.9949494949498,-0.6655188246097316,36.78581267217628,-4.961662075298403,62.27134986225892,1.255280073461846,-48.9286042240588,-47.96395775941243,-4.838383838383898,1.3488056358272946,2.8980836938895296,3.156311417829058,-3.650850181100513,-1.0009008068465408,0.1390569264333699,49.79111035191372,-1.4818571634184925,3.927192396192064,6.330108585140113,2.800703332640325,-1.1365104712488907,2.181752590843504,1.1134463026858004,0.9352316693647076,1.065936184172131,2.029859410655064,-9.923584525808856,26.66690219129924,-3.526499291870916,55.10847815064551,17.331361582741305,-3.715513639400209,23.81478761026433,1.6624384720631724,-3.446654810154524,27.66159867971849,4.229166666666515,-4.954748729244431,1093.5713879803109,28.04029199949515,25.0,8.0,3.4145788030628323,3.41236319953568,4.752340655995296,4.711034922090096,4.683884080668527,3.8369707709084353,3.743183183273985,5.0,2.0,6.0,8.0,4.6135700000000055,-5.267035087662346,1081.4932948425164,27.730597303654267,0.0,0.0,13.0,3.0,11.0,1.0,2.0,4.0,1.0,5.0,72.38786914650959,6.70022062891672,1.8272593300316096,8.090209121410123,-1.6606173294310396,0.1972512486349695,10.150415550017248,5.075207775008624,-0.740462801784709,0.0,0.6708032704779188,0.5798863896472017,1.3635014837355204,1.531422730405553,-0.3915320702764513,0.1972512486349695,0.0,0.0,0.8044470147256944,0.6236864701922041,2.166885500805644,1.2131135178748953,1.7305205813609883,0.1972512486349695,0.0,0.0,0.0,0.0,9.353948309850944,6.289123918903757,-2.75,0.0,9.0,7.0,7.0,9.0,5.136662514608488,5.255431956527016,2.9400070182805704,1.5835345375571066,13.810619989574898,32.876731942929695,38.47057201430292,34.99664604372178,13.235151840902985,13.0,18.0,10.0,0.2106632880569957,28.9897524556392,0.0,1.3233277751762984,0.25,1.256,6.809384169308114,5.9257518796992485,17.0,20.0,2.0,6.5,2.25,2.266666666666668,-4.588219362085756,163.0638314894304,103.81,0.0,4.49
1.8341284900000017,51.777800000000006,15.0,2.0,4605.873767299547,15614.571581015727,10362.210702852442,9805.441251464948,510.25000000000006,73.65830801146376,67.324636317103,92.27465581244743,235.72887402606804,194.29790517497875,165.72271216173382,178.46866863591603,194.68333406223505,199.7303434027036,8.576514305084753,167.51655056009335,161.36341303518324,167.89861915070674,166.9448020265499,166.1026080836858,166.19391951635507,4.161246612466124,3.988304093567251,4.428872053872055,5.992957746478875,7.32391713747646,0.1586506504025934,-0.2009858288365467,0.1636024904808452,-38.77103536350433,305.2157999294976,-301.8120277386986,-185.4620247945973,40.59123582708204,1027.5283993124765,-104.83528524492084,-753.1770560170019,-1.2284114525000045,1.202294592499999,-1.0752025900000044,-0.9660035150000033,-1.193016902499998,1.9779332275000008,0.1554554012943965,0.4656365378346918,-2.255954951392328,2.1735793658322,-3.127836975647968,0.0237969332321088,-3.09263259607608,101.2158495991094,-9.49635521182235,0.92115429957677,1.735220697636139,26.857683404062087,-14.016707411286577,27.901432357590195,168.80833333333348,-13.343819444444446,4.688333333333318,-24.02229166666667,45.90951388888885,-23.671944444444488,-21.974027777777785,-30.64590277777781,25.90215277777776,-0.761889625834725,1.5087585199689608,5.512730126709172,-0.032448924998161,-4.250873630122515,-3.143424149060972,45.15571396820208,-0.0703647390946746,5.887769777495662,13.520110517269424,-1.4765533133087445,-12.76571281384749,4.220208333333337,1.2237129418622077,0.8879912210014219,1.1000633386408374,2.017640619193984,-2.7606658262557024,15.011288863100097,-3.715133604059195,11.086204957668974,11.664231634503,-2.815620701090851,14.904256858489411,1.8504423014614133,-3.882782594362841,14.240599522265931,4.446405228758124,-0.8795537593093465,302.0103782712504,12.080415130850016,14.0,5.0,3.070159664345607,2.899986596162463,4.832510625274889,4.637447844744064,4.142344247307859,4.0328518586335065,3.782475390635988,2.0,2.0,3.0,1.0,0.6379699999999999,-4.2131812134143765,248.4582563947856,9.93833025579142,2.0,0.0,5.0,0.0,4.0,1.0,2.0,1.0,3.0,2.0,67.77859356088703,3.255013340235202,0.0,2.721112956631188,-0.1029478458049883,-1.5575400080752708,0.0,9.030514088117805,-0.797415856783642,6.758209311562997,0.7145358560090702,0.0,1.2005253212396068,0.6990884716765082,-0.3994153538494271,-0.797415856783642,0.0,0.0,0.7313790469891661,0.0,0.0,0.3003638821996504,1.01101224247734,0.0372917054920127,3.3267167422524566,9.030514088117805,0.0,13.125163634165258,4.866325645857547,5.125163634165259,1.0,1.0,6.0,7.0,6.0,6.0,4.671928094887362,4.671928094887362,1.3821053128786085,0.7188721875540871,19.2754603270662,39.70047757576763,42.424918885344695,31.35606284286188,6.585034013605442,7.0,16.0,4.0,0.0,10.362560850829928,0.0,0.9499142515929966,0.0,1.536,6.839543352478257,11.353062157221206,5.0,9.0,0.0,6.5,1.8125,1.4577777777777785,-10.51631357686041,89.68332959582168,86.96000000000001,0.0,4.51
5.352282250000002,49.26290000000001,15.0,0.0,4334.782235000006,14206.042864111265,9932.791369366303,7358.181760839972,357.0925925925925,70.60562002500004,69.58063082558147,62.33546491304345,228.2431150097833,184.29746414733123,162.21017513672928,162.75932364638814,166.5602893329781,164.13148522623106,7.827138695652172,162.67732815896673,157.70512665680928,165.18654493152633,167.36354675456303,162.74154516709845,159.96047306173853,3.495799039780521,3.4005441845354123,3.606182795698925,5.327578991420801,3.367954911433173,0.1886193661731659,-0.2874009111700123,-0.3746951525932391,-118.27261086612071,363.4535621869376,-741.01251296653,-193.40874626204072,62.94431126462291,718.6451621852524,-650.1189797740018,-275.0822333110219,-0.0546000000000009,0.2780237599999998,-0.9145994400000012,-1.264076480000001,0.3117366400000007,-0.8087580400000003,0.8519590471110468,1.886391390906781,-2.514553866046444,0.746391089907223,-2.3304292154667525,-1.804841683162593,-0.8020873124678372,54.62659592063428,-6.46086115599603,19.70862814527252,-7.578089488747997,23.14160439853771,3.859359323334706,-4.437754229667943,101.66417793454832,-9.525590269029422,2.597488592144672,6.65096581842614,-0.3634517510707998,-24.77817418325353,-28.75542873939699,11.51047591052881,-21.70477338260408,1.292536724807298,2.8341702580612247,4.150965702363546,-5.65322459910466,-12.55953411807678,-4.204537962218277,49.323863748088456,0.1318323880043718,2.7426088640212463,9.455857397174372,-11.018965758881386,-5.980048550239607,2.9046907981299523,0.8182943455782217,1.086345793773326,1.223705192852205,1.907421375792083,-1.755414649310362,10.065305404922974,-1.949871316801648,8.272689956881432,9.513888247388229,-1.5296812627765304,9.969796167505187,1.0561354191586505,-1.991053306699432,10.279567654636557,1.7029304029304058,-1.648143187566964,152.39396930097223,7.619698465048612,11.0,5.0,2.957912072717925,2.7325950002751584,4.282724642225172,4.187733357860928,3.7945259106125855,3.5086220412860176,3.09840451372296,3.0,1.0,3.0,1.0,0.3382799999999998,-3.2439051676571427,188.08418867078524,9.40420943353926,4.0,0.0,5.0,0.0,4.0,1.0,0.0,1.0,1.0,2.0,40.29565309959676,3.037122234353276,0.0,6.020344128341062,0.5244158898127156,1.0575151696481069,0.0,-1.2461405901523843,0.5244158898127156,-0.7106394740364955,0.6071863189720332,0.0,1.5694198790627365,1.925483224153859,-0.2601705141933321,1.0575151696481069,0.0,0.0,0.6689360775174267,0.0,0.0,0.4653292705971277,2.1413090529166467,1.0575151696481069,3.5400207860922146,9.022786095945367,0.0,0.0,1.5055671388485163,4.7433482930209125,-1.0,0.0,6.0,5.0,4.0,6.0,4.614997302659251,4.61499730265925,1.3294092860851676,0.5714285714285738,20.606528304153223,38.93468591526636,41.18312725647051,26.59959675445539,4.25,7.0,13.0,4.0,0.0,7.290952808194876,0.0,0.9499142515929966,0.0,1.62,6.10367653771491,6.151827146171693,6.0,8.0,0.0,4.0,1.1527777777777777,1.0444444444444447,-3.3667006790924474,22.813995775186108,115.2,6.293419278846481,5.11
15.792675999999997,78.5206,32.0,0.0,6833.134025000016,28362.28885888936,24588.225136183544,26411.105262510267,543.8333333333333,67.30474168639054,59.07723040340906,68.4230416586827,225.82226878632693,186.47403379901635,169.9774921281177,182.7556925596616,199.84983150470225,193.20619228433983,8.039048071856287,160.21127925881467,156.75372945051538,161.1493685164168,159.93614864873837,158.14934468019575,158.15033091323514,3.237012987012988,3.168200408997956,3.606481481481482,3.823186959414502,3.852295409181637,-0.075465939299656,0.17779258138443,0.1666582292282271,133.07069658659347,15.5497556888688,22.25853383241804,-943.4637397292248,-22.4184844602504,564.0697508113549,117.52985256372224,-870.4352637950375,3.874098539313176,0.2574417969600034,-2.3973630474761265,-0.4104063599175054,-1.2757907202102574,-0.7831972955527174,-1.2274061375835057,-1.8426565221027449,-4.071839205397121,1.0018953300711937,1.9087853454584065,-0.3189784662708086,-1.4000738017369718,104.07029501738192,-16.270263196571857,0.6765463339394253,6.334998193110438,9.622040988310047,-2.7155007564245164,-2.303731675719428,106.6171993911718,-7.229405141677611,14.61912804153368,32.85881236838257,-0.6954244073310303,-25.851113404641254,-11.780894893767886,14.382571255811992,0.613545380621705,1.906449174431392,4.624255219786554,1.8091756833044763,1.3429267901912674,0.1332846337270541,-5.649483471432484,49.721873573271424,-1.954652841870584,2.0605704126630053,3.46055061847457,0.7037715722378578,-5.212187208353518,1.4605095807009836,1.5304937937557763,1.448207420376045,1.4440828753286126,2.029859410654865,-8.604764940706547,24.799445535271225,-4.932650045664277,10.69793225867468,18.000489843838515,-13.006679306230504,25.278954687082905,1.662438472063343,-5.457770642213549,24.816925377283635,4.195126488095013,-2.332549596502415,445.5272660447528,10.86651868401836,22.0,6.0,3.5979719836734083,3.393786440273932,4.187390123163116,3.91418126329992,3.90393124754026,3.892109613450933,3.7274086949771537,3.0,3.0,4.0,5.0,4.848160000000009,-10.59143518704811,451.48784892543233,11.011898754278835,0.0,1.0,6.0,1.0,7.0,1.0,0.0,4.0,5.0,2.0,59.03238737902475,2.8226826878459907,0.9211631410867072,20.6685898563319,-0.3897341261211409,2.9118280876132108,17.38073229160287,5.50556825928149,-0.6734223796764198,0.0,0.6683328618674003,0.9211631410867072,1.5759988854739937,1.6958858818116571,-0.7610304800340424,0.1658483978368952,2.0038073155358123,0.0,0.830041794672449,0.9211631410867072,2.0977863342867407,1.0492141653722804,1.909169281210224,0.9024287193623408,4.0329513326472615,10.46663758537889,5.653634995638453,0.0,10.17422116718717,5.798711588011004,-0.5,0.0,8.0,8.0,7.0,9.0,5.172500414955493,5.263665100326092,2.5201781050543786,1.4838138398835703,13.96339912043915,35.13847756219963,40.81360699024989,38.29777724213528,9.025,7.0,10.0,6.0,0.0,0.0,0.0,0.3425033552972207,1.157093730068718,2.378,7.204613868118628,5.796043293115685,13.0,15.0,2.0,7.0,2.6805555555555545,1.926666666666668,-6.619645580107937,10.637586714867435,107.56000000000002,7.618251097876695,4.22
10.351662760000009,95.5731,35.0,0.0,6868.742458000017,28550.90650716773,25133.54243521677,27645.686346230843,557.9722222222223,61.35405411864405,55.725300859550494,66.80046879428573,216.1995093514649,179.34275487295744,166.51839910856864,179.98733176841552,197.77277030435167,190.73675679059804,7.918548548571428,159.97810088758075,156.9395888161171,160.39835116386365,159.17530345428054,157.42765942470947,157.97535054989052,3.136805555555556,2.935016835016835,3.5116319444444444,3.531653746770024,3.842857142857143,-0.0995050210248417,0.2577190454204021,0.2254910681922837,70.81027398278795,270.0253936011106,370.2084379706444,-361.65566385242846,-76.51539011297405,771.046931671997,325.02062142006,-485.4177565747136,4.04620795884636,1.7007000067464912,-1.630813499072398,0.3589368068813613,-0.7826910858492981,0.6101211097992009,-1.4530823945403797,-2.1053254744373926,-3.1501437774416443,0.6723367365941798,2.2975765490558264,-0.4704803721410165,-1.0766362592574037,109.6090838169356,-17.176966664765807,-0.0875242251105139,0.4497790974622762,9.035343743442274,-6.639864722739395,-2.2527259538531244,115.74675324675344,-0.8703641236108749,24.837709188358552,42.82023387867548,39.67128614531213,-19.746650175221585,-2.569371825865327,-0.608909128389636,17.978158205430983,1.8478698492893904,6.282775503982621,3.9651213696182026,3.2063903335427093,2.152374639364212,-2.0666037934424484,50.798150827954615,-2.824731963859157,2.732402549147133,4.673011707103012,1.889654775698023,-2.773815751855506,1.5032045876201745,1.62455316818189,1.40063291643634,1.3774653576437563,1.7805938315561889,-4.812182220260222,25.882613461811523,-2.155504964878277,13.0940739720641,18.85837224773399,-10.204521728027778,25.908002125638458,1.4893042861848471,-2.383689093489804,26.568850041936905,3.452100840335788,-0.7620578850953018,693.5058256067526,16.512043466827443,24.0,8.0,3.530290523857329,3.407555245967969,4.61942149778412,3.893948687751892,3.875234486636929,3.730248806014119,3.6854951272000647,3.0,3.0,4.0,7.0,5.364250000000008,-12.347068747908311,508.53565308858674,12.107991740204444,0.0,0.0,8.0,2.0,10.0,0.0,2.0,5.0,2.0,3.0,54.86138469803992,2.8224969417597503,1.500744689160517,18.89764189900129,-0.3445387088996507,1.763739073143464,17.318502958663615,5.478477340893693,-0.6927123507072721,0.0,0.6738355073700457,0.571317659184921,1.389658471221873,1.8793840278215423,0.0,0.8732409704748527,0.0,0.0,0.571317659184921,0.929427029975596,2.185046192808865,1.2423164687824215,1.899736847834356,0.8904981026686111,3.599876297736562,0.0,0.0,0.0,12.34343014832296,5.783380176624645,1.0,0.0,8.0,7.0,6.0,8.0,5.042570144506715,5.223091372167628,2.7441598176038027,1.6948505644677656,13.274459715464554,33.880106492723314,39.000039992731246,39.72058989044988,11.709513980108838,10.0,10.0,10.0,0.0,0.0,0.0,0.4386026607319299,1.0000000000000002,1.975,6.881026219240113,5.797854077253219,14.0,15.0,2.0,6.0,2.263888888888889,1.6016666666666672,-3.686042617475852,12.28100582641028,91.26000000000002,7.002155954403621,4.25
10.33301024999999,90.847,31.0,0.0,6832.117961000015,26270.051407312847,23006.692676348343,25486.204918181767,564.1111111111111,67.17111122839508,60.62300034756094,72.81563433950623,224.8038609539618,188.0769965652769,173.14734522449723,189.6807430661337,204.94427989144413,199.25676396784377,8.070786395061727,159.86813519262807,156.25021276897277,160.18324028849298,158.82974007154647,157.8213079980569,157.32225258136893,3.3614814814814817,3.297645327446652,4.27891156462585,3.900276052449962,4.347565157750342,-0.068122106761379,0.6081922905312912,0.3922332511596386,66.54135639949071,115.51556294579134,-104.79663714950745,-708.9159151909798,-33.18550873104037,694.2487545706276,120.57820078662552,-912.2692393830968,3.4324861250000094,1.0010836388888775,-2.522061451388933,1.0307251874999264,-2.3317975486111915,0.4811041249999251,-1.0372838017616397,-1.4742713032601071,-3.782493047319836,0.3698747401838896,1.4068947182340832,-0.3123513435936362,-2.3477415079210244,103.06162126602894,-14.750867353542803,3.396417492124808,-1.0431029832547345,7.429024515351349,-0.9596985300791628,-7.564495828296826,131.21604938271605,-7.870113168724282,20.530949931412906,33.429012345679055,25.06344307270233,-35.41143689986279,9.676183127572006,-30.52940672153637,26.05401234567901,1.4087595681557543,5.405073197552287,3.304867495704418,2.303288574833809,-0.6509107897484935,-4.3760241678455545,49.5715133266194,-2.11254737557164,2.3257325125431767,4.597673871328659,0.7489329241405311,-5.631291601130227,1.8224451303155007,1.701551348949136,1.4479012444376615,1.2670950222933095,2.0298594106549217,-8.111071200022344,24.739544189025885,-4.181195664044036,10.699542949916069,17.941943024962075,-11.931171154933349,25.2362354534426,1.6624384720632293,-4.662393150881183,24.820656658534293,4.126946924602521,-2.7174823045124383,623.2874988592995,15.2021341185195,23.0,8.0,3.551789395929867,3.35529026863276,4.595687994015875,4.108782188798829,3.885839397807943,3.8676023235740433,3.704985694092448,3.0,3.0,4.0,5.0,3.554850000000005,-12.77846197672254,526.7908302737842,12.848556835945956,0.0,1.0,6.0,2.0,7.0,1.0,2.0,5.0,2.0,3.0,64.73495392329284,2.800343024747192,1.7663696891605167,18.72962764055964,-0.6521037292610499,1.7219900963972394,17.229103004200226,5.444257816894659,-0.7229285525159257,0.0,0.6854813879444978,0.8213176591849207,1.27608179537247,1.86402739433907,-0.8841545352116682,0.8537862010324497,0.0,5.098494678953461,0.8213176591849207,0.945052029975596,2.060732278985862,1.0132926913470004,1.8843802143518824,0.8682038953647896,3.5228153797353343,10.07361730319194,0.0,0.0,9.657146315751028,5.757898915834696,1.25,0.0,9.0,8.0,7.0,9.0,5.138471355518834,5.230902217075136,2.427878555386336,1.4372769924356117,14.007104591302374,36.09565712887656,41.20803960236795,38.588117545549565,10.838806530305874,9.0,10.0,8.0,0.0,0.0,0.0,0.795345521755364,1.0000000000000002,2.306,6.942760388180828,5.945012787723785,12.0,14.0,2.0,7.0,2.3888888888888884,1.7616666666666674,-5.666876558123786,10.51073833050514,111.49,7.002155954403621,4.46
10.289339289999983,77.00989999999999,32.0,0.0,6577.166024000016,27499.56196659689,23712.97720078433,25517.291451982568,497.08333333333337,64.57285806024097,57.13284074853797,69.0437464691359,223.41135271617927,184.58633761881464,168.5708534890107,183.0024172164314,201.8016865200188,195.5899998339605,8.008365283950615,159.86072361237458,156.62033560140176,160.81615185144383,159.58096719545358,157.4597125208925,157.5141447653245,3.124269005847954,2.977883934890304,3.3953274466519523,3.558833678398896,3.7794924554183815,-0.0069040347731857,0.2709438974304071,0.2068641974949421,171.7506153209796,-43.96216087654509,138.43264080246126,-815.5220571111176,-67.3867254037873,541.5397647521928,206.6684225812697,-901.9430162552138,3.346175777777775,1.0652456666666534,-2.3641238888889315,-0.0301012222222754,-1.3907874444445154,-0.0688393333334089,-1.626597159131649,-1.8211188428191207,-3.80270864517785,0.9373251022807878,1.954082232740716,-0.3734983261018633,-1.9529314653833312,103.02157523835427,-18.500700722699904,1.0937930148959172,6.442180582691382,10.784213497370386,-5.207532758444808,-5.171273872945898,88.18364197530865,-1.7895233196159102,20.02312671467764,29.291109396433487,12.03607253086419,-25.95291066529493,-0.1721750685871131,2.1981524348422408,12.815972222222245,2.366732302793917,4.484340542912379,2.5586830350877285,2.1614325978251503,0.8598300670960327,-5.034086772290849,50.38457102483662,-1.9446952395096584,2.20073456623989,3.4492978646636483,1.2836547986414268,-5.567549483056875,1.22477280521262,1.6346912862103058,1.531993128827301,1.523370219352229,1.780593831556445,-7.227136043597337,24.07308325269725,-4.099982506049194,10.354542597774008,17.81483491835222,-16.726876758959794,25.066770897071923,1.4893042861849324,-4.560776249015999,24.04847547232093,3.529265873015561,-2.1118786601644834,460.2504508102439,11.506261270256095,21.0,6.0,3.5756764833245005,3.392219302374577,4.005997971462146,3.90828779728704,3.889000219932316,3.7256983397858927,3.4394376250702754,3.0,3.0,4.0,5.0,5.643650000000008,-8.072599912205147,442.3487078090057,11.058717695225145,0.0,0.0,6.0,1.0,8.0,0.0,0.0,4.0,5.0,2.0,48.7259940304142,2.310885635691796,0.9055381410867072,21.04480159422696,-0.2568820361983439,3.717007805128093,17.429345974604665,5.524562749639617,-0.6447071975521468,0.0,0.6502986032375913,0.9055381410867072,1.6227774348567097,1.8990274627896528,0.0,0.328765064503562,0.0,0.0,0.5800417946724492,0.9055381410867072,2.1747893577183355,1.187435997991248,1.927367363293139,0.9235513696058704,4.109617999313928,0.0,5.791366477119935,0.0,11.759322721382276,5.791637020840284,0.25,0.0,7.0,7.0,6.0,8.0,5.110693577741057,5.203124439297357,2.63368019997828,1.5322001432152872,13.553034033989992,34.02300955644499,39.82807897006454,38.10409497600496,9.011300387923765,6.0,10.0,6.0,0.0,0.0,0.0,0.1249999999999999,1.157093730068718,1.918,7.151387496723663,5.787979351032448,13.0,14.0,2.0,6.5,2.555555555555555,1.5616666666666672,-5.539753038042265,10.418486221517126,87.33000000000001,7.6093665379542115,4.7
2.172086439999999,63.612100000000005,23.0,1.0,12952.67066399999,23068.036846077444,19664.970260434464,22093.34550062204,484.26543209876553,93.53266992142872,75.7765964246576,91.12608900704238,262.4719723698786,222.3617002973495,194.91134309351,209.6860984351455,225.4483591885529,214.43274146378465,8.124932225352108,156.0199859736364,151.71564691296678,158.00025237039347,156.90990154095408,155.39116658423134,155.5869401452256,3.417829665414207,3.3507232356734846,3.836769386574076,3.8782724805183424,4.160146061554512,-0.007065595868232,0.3415082274223755,0.2701913908059118,45.10517926562135,-21.480587531247664,-330.1395044218773,-420.7381279062512,-50.40863353982523,564.9090555640827,55.95308125024174,-901.742394078654,2.6213213544921783,-0.0340357026367355,-3.1235595258789384,-0.1208837812500364,-1.7839459440918426,-0.1198578051758223,-1.310618201226172,-0.2879072731051459,-7.456349424299512,-0.4043094718286878,0.3336044711582999,-0.4203128080241669,-1.635222928423476,92.88582906647834,-15.69788018155275,9.28684205488435,6.639881107112694,11.432224408696294,-7.701484282056661,-7.478837778666207,83.5417510609569,-5.179269442669487,10.017481360415864,20.857676648635763,1.429236434287652,-33.60834472823692,-8.771532600308653,4.661601941771948,10.111457018858763,1.218791867074227,-4.837200329910715,-5.707830872217438,3.753603514648423,-2.3414149249778533,-2.962944562720079,49.3992975294927,-2.16454514000592,-0.5947620251093413,4.215739220627483,0.3968303634768917,-6.350298549849676,1.3053398603274515,1.6086060060872365,1.6042414783533103,1.5987527379628328,2.630275950098195,-9.090128653542228,24.968222572730944,-15.040348365679415,9.96749193496369,16.903959684732285,-5.546177570236721,26.07850512836006,1.5361562728446927,-17.553134355499754,24.75939366837646,2.7902950310556207,-12.453060754200848,400.9276881760743,9.77872410185547,16.0,6.0,3.768130533157916,3.721596023422531,4.071317833943677,3.873282761804567,3.855760591549157,3.733271302596556,3.673832732637268,3.0,4.0,3.0,0.0,6.072660000000006,-6.984038854152657,480.3588100302021,11.716068537322002,0.0,0.0,0.0,1.0,3.0,0.0,0.0,4.0,7.0,2.0,48.93300028033341,0.0,0.9267429073902288,29.16822997813532,-0.3020858659879695,5.709067342619105,17.44979500593371,5.532672462844236,-0.6544167119510516,0.0,0.671790175946922,0.9267429073902288,1.6106451375571145,1.8618505454548924,0.0,0.2693805506671631,0.0,0.0,0.0,0.9267429073902288,0.0,0.204665362461919,2.096991846509708,1.370937938074252,4.119812793109361,0.0,5.856162159281688,0.0,11.2407906911027,5.8171414247382325,5.75,0.5,7.0,7.0,6.0,8.0,4.964614648336087,5.125,2.50554515221678,1.660231927945797,21.242249374760725,41.35177346283068,48.92962290984478,44.77114648336087,7.994463667820069,2.0,16.0,2.0,0.0,0.0,0.0,0.1249999999999999,1.157093730068718,2.002,7.77375878915522,9.522275043623097,9.0,10.0,1.0,7.5,2.555555555555555,1.9088888888888893,-8.502483082108883,10.537483565873693,87.33000000000001,7.618251097876695,4.7
6.9258448899999925,71.1867,28.0,0.0,6284.573526000014,24541.65165651972,20723.317630365607,23173.64521976162,472.66666666666674,69.76743905405411,61.282368039215655,71.17695798639461,230.58649565121704,193.43064428927693,175.24195592621294,192.2142648422265,206.4273895445997,197.7525194985734,8.044679564625849,159.34413302748445,155.68287432267238,160.40295200339682,158.96619812668374,156.9167144850244,157.64384503239197,3.2420634920634925,3.193844924060752,3.6612364243943207,3.700722983257231,3.9338624338624326,-0.0028221497193305,0.2437267063093137,0.2188357822022981,185.7020969834711,-240.19538048760376,-37.73879570247897,-749.46448814876,-72.05319050268307,385.0744800606492,-86.05187304998333,-852.2514339799012,3.035908113865915,0.7130763085399286,-2.8092038971533966,-0.6962877428834275,-1.4458945821855398,0.027844341597746,-1.6148513113410274,-1.183216043388216,-4.26471418387177,0.7166357853510664,0.827726131638199,-1.6058290512909426,-2.041271591996688,95.37954147540808,-18.316567618560214,5.010777867352603,6.0371261480938285,9.984440476421524,-11.240838107702004,-1.8056827434639204,86.05892255892263,-3.055759616365677,17.111774308743968,24.18521069278648,6.734618916437093,-30.946485052545675,-9.242475257626785,-0.3247882869095031,11.70967248239973,2.3601474030696643,3.799820465266923,1.879381784853888,-1.158845852979556,-0.2584849020717737,-5.098397878562993,49.690332412325255,-1.2002322985229268,1.7102211877530549,2.770320000436325,-0.5893963907533105,-5.797628802584362,1.303923069074585,1.577236753988969,1.6111963039493753,1.5192277443068998,1.780593831556132,-11.810872295666238,24.11296467965277,-6.458721947792061,10.794376668872449,16.847790390600203,-8.392744667832066,25.41743401241737,1.4893042861844208,-7.657689341010466,24.05537442540965,3.5425925925924275,-4.450325133366039,370.4262845565237,9.748060119908518,19.0,6.0,3.569266342638964,3.271350542144296,3.9919309288675993,3.8969426393655073,3.8782910449803416,3.711668450372639,3.408506387108861,3.0,3.0,4.0,3.0,4.863450000000007,-7.173028579498789,473.2190064457386,12.45313174857207,0.0,0.0,4.0,1.0,6.0,0.0,0.0,4.0,5.0,2.0,48.46931326591449,1.721795097880647,0.9055381410867072,20.992160079126897,-0.2659465656097139,3.6789726869145305,17.37699232848573,5.50473342145864,-0.6466968753677176,0.0,0.6558850229906777,0.9055381410867072,1.6151729812295288,1.896392421238406,0.0,0.3200720425416909,0.0,0.0,0.5800417946724492,0.9055381410867072,2.1094695960180374,1.0444610084942334,1.922823405169176,0.9220503499214896,4.07328698079541,0.0,5.713223761700434,0.0,10.496024156443656,5.750629385555778,1.25,0.0,7.0,7.0,6.0,8.0,5.040384081381329,5.15416855114386,2.4472380390475097,1.3987637925984917,13.904292893802888,34.94984341459663,40.4621152998159,37.69201274689738,8.064,4.0,10.0,4.0,0.0,25.09919850527852,0.0,0.1249999999999999,1.157093730068718,1.918,7.138966201374106,5.890183346065699,11.0,12.0,2.0,6.5,2.555555555555555,1.5616666666666672,-7.365008424189261,12.094333668265046,87.33000000000001,7.6093665379542115,4.77
4.628521960000007,76.65170000000002,27.0,0.0,6860.613946000014,24303.65348445388,21077.060038371004,23674.54359380707,540.0555555555557,73.60728531333339,63.81929787662338,78.64738294117657,244.71530856238303,207.3580181595869,184.36589573600887,197.045724789596,220.82391722271709,213.3047679351397,8.044566065359472,157.08655872680762,152.6123316940599,157.81593171723293,157.43837600375056,155.38519921679227,154.73557904449066,3.436453576864537,3.2556332556332555,3.95996732026144,3.953136810279665,4.279593318809005,-0.0865254911211575,0.2615714544364199,0.2714683654096558,-116.46892266226256,-36.92001365742647,-0.1447508210526962,-575.6443492476435,-42.07280508493568,569.9894512698161,155.88361607804728,-970.8599459342792,3.370002089477003,1.059907075824391,-2.223407607645488,-0.3525745801302853,-1.575863316950294,0.4258985103969063,-1.151197942213473,-1.5923174755948395,-6.670847963139863,-1.5649427099882738,1.8821946505791656,-0.0821754472620407,-3.397590564291511,100.56338384704308,-14.620951807599443,6.0585206037668025,-8.61293843045695,10.652825837765349,-0.5931595901880171,-24.58716274179173,110.74959742351052,-4.290234311185793,13.480571308548644,25.10353217111256,25.81088240098956,-29.156573082218934,-17.379238722023835,-13.019673738010193,18.451375761394683,1.793099401967377,2.0688388245536533,0.6957827022247939,0.7379855211151448,-0.0009846994629435,-3.762381367631657,49.21963079834561,-3.5888512807665043,-1.4386039903190315,3.9859402186700414,1.0604327624356955,-6.345489842707708,1.6050666293262394,1.7118895743368072,1.4968500866238337,1.3293808599477035,1.7805938315561889,-9.477869704933395,26.24353832991634,-4.829270632604238,26.916761837548187,18.13682009413378,-10.334306226150034,25.759045322212494,1.489304286184563,-5.413949350736839,26.11954255848029,3.445331465919139,-4.628261088834665,732.7094434050305,17.445462938215012,19.0,8.0,3.73736411733404,3.433055290941613,4.508165971154915,3.8558483039384814,3.844857242586243,3.8393310066813537,3.679313462901272,3.0,4.0,3.0,2.0,4.246450000000006,-8.109277744852989,601.1244289076407,14.312486402562874,0.0,0.0,2.0,2.0,5.0,0.0,2.0,5.0,3.0,3.0,54.89026312653632,1.249177766920475,1.600671673651895,28.724105205944703,-0.4313109222432525,2.887829272108005,17.30363912664953,5.473114100425018,-0.7031549680695142,0.0,0.6840036454396574,0.6572898814071431,1.3631395397665238,1.8740677382788025,0.0,0.8660885556843687,0.0,0.0,0.6572898814071431,0.9433817922447524,0.0,0.7354495093955445,2.0100997049129368,1.1392936262331057,3.587978912741129,0.0,0.0,0.0,11.497296835173994,5.787552133527922,6.5,0.0,8.0,7.0,6.0,8.0,4.77078876802747,5.079255616073038,2.602524212909387,1.7774269413251549,13.545679066633356,34.24486436290204,39.62574512075838,46.38000107692767,10.256410256410255,4.0,10.0,4.0,0.0,0.0,0.0,0.4386026607319299,1.0000000000000002,2.277,7.040481660171884,6.4356244931062445,10.0,10.0,1.0,6.5,2.3263888888888884,1.6727777777777784,-5.364421207791194,20.32009811019828,91.26000000000002,7.002155954403621,4.8
4.265877159999994,83.9267,27.0,0.0,6283.557462000013,22635.08588701337,19154.13160643972,23784.43511612228,509.4722222222223,71.43716782269506,64.31039885211261,71.85190067549675,229.66091091098963,196.5707392389573,180.3738145176389,198.9978012555665,214.8650497667039,198.13166184082152,8.05827872847682,158.95069427368807,155.0530964560168,159.40201328882657,157.73724379691433,155.9441006746181,157.5128153385581,3.381535947712419,3.366494401378122,4.1043906810035855,3.9397496087636927,4.199227373068433,-0.0912791599296675,0.2517356801748999,0.2497520117464637,124.12712800094712,-102.67908817301706,-150.6298865391709,-790.716877089703,-81.52479083208934,457.7138401477271,-209.22004005475432,-961.22041452647,3.518511715029594,1.055922928284006,-2.4249215517160088,-0.611149494911302,-1.6769033486391112,-0.1382563370414783,-1.425272870223249,-0.7789500043761968,-4.060468319801894,0.1759178914968243,0.2526876267059776,-2.041460385831594,-2.6555469701605,94.29675603189946,-16.798130665769254,7.934495400502002,-0.7533659975649667,7.028606456330048,-12.778885213988936,-9.414947643448624,110.71538461538454,-3.4654963839579183,18.56925706771863,31.37637080867852,27.04399737015122,-33.62660092044708,-20.24336620644312,-12.922241946088077,9.286824457593694,1.8497094307100672,5.531524169526214,2.9132631469072496,-0.9580168056422954,-1.0607738488674008,-5.236535609865583,49.4664262457617,-1.265386616344963,1.7593729136244458,3.5481693034707527,-1.4733805637658757,-6.365698109446821,1.7033136094674544,1.6598792680783545,1.5568507635377251,1.369539920758022,1.7805938315561889,-11.195086973791495,23.74212926042613,-5.683410566767919,10.978757089050507,16.790904411140623,-8.001202203963786,25.708588308343742,1.4893042861849324,-6.721954150859857,25.46494971526939,3.4984126984128068,-5.357049637110517,394.5179137259853,10.38205036121014,20.0,8.0,3.4906361367178307,3.28801257986774,4.549528412983405,3.8702346838320025,3.8528434131648375,3.700683920829792,3.656173877549602,3.0,3.0,4.0,3.0,3.803850000000005,-12.333755001737275,419.8989766035881,11.049973068515476,0.0,0.0,4.0,2.0,6.0,0.0,2.0,5.0,2.0,3.0,54.39511918773284,1.6997684233066246,1.500744689160517,18.84580935239469,-0.3740925240448274,1.7586995000153478,17.225363041083085,5.4434229790718085,-0.6962030482072235,0.0,0.679437529737178,0.571317659184921,1.3665409003107416,1.874582141570984,0.0,0.8708739740914095,0.0,0.0,0.571317659184921,0.929427029975596,2.051766371579604,0.9882909772101148,1.8949349615837965,0.8878255259239382,3.549972937585533,0.0,0.0,0.0,9.817110609098156,5.70981671337947,3.0,0.0,8.0,7.0,6.0,8.0,5.002911466774757,5.118446466841327,2.3438763830151093,1.3459068223902149,13.947765505424028,36.00620955431474,40.89262546613293,38.003705335434766,9.527410207939509,6.0,10.0,6.0,0.0,0.0,0.0,0.4386026607319299,1.0000000000000002,1.975,6.864456260836985,5.936600719424461,10.0,11.0,1.0,6.0,2.263888888888889,1.6016666666666672,-6.524226691398503,11.021900846185687,91.26000000000002,7.002155954403621,4.8
0.9237132099999988,72.8415,25.0,0.0,6714.317697000013,23411.246389799373,18637.528824231616,23002.343420359284,533.1666666666667,78.4754861500001,65.0227858918919,78.98974386486493,250.8224952396777,217.5589556562171,185.10235107934764,205.86263352935245,223.32364267136765,214.2271814912183,8.0903207027027,156.70216503047314,151.213240365085,158.18409722837413,157.34829761342627,155.4878462193246,155.42123932675193,3.521825396825397,3.405428329092452,4.305555555555557,4.13773946360153,4.3577327327327335,-0.0764427035535148,0.3218996113284024,0.2043284564585915,77.30031275205945,124.90948363016344,-81.42525855579231,-800.0383098099236,-45.07945859334639,981.4881312096296,-31.68278652053496,-944.9159800264764,3.126805026629933,1.0049500532598612,-2.423159620753015,-0.1620468898072134,-1.8374421423324725,-0.0716373406795762,-1.147253205550394,0.2122333665552223,-7.426304046552557,-0.4333926505851294,-1.2598179019846696,-1.1658629061511476,-2.47193444503759,96.54779898280638,-14.507794265228908,16.027276536026083,-2.751496480847017,22.06248563648677,-11.071215055613257,-6.028480989744409,109.08417508417511,-6.103586368737879,15.381542699724534,22.435924905621896,23.137843077237022,-30.15865727986944,-9.81596265687175,-14.589812264054675,12.828078767472718,1.7617064445099486,0.6426278824970252,1.6259408655349663,0.02033050656783,-0.5615535072813262,-5.405664255472456,48.60841843782182,-0.3216301448725626,0.2499071060541669,7.492275810760532,-0.2185019760036894,-6.384567432611326,1.652790531578411,1.6820791726809758,1.5711619619870727,1.3412110284168353,1.7805938315561889,-12.875981260863306,24.837802213278003,-7.959197258132429,9.946002731690688,17.102367481853847,-6.191027081150101,27.510631319028043,1.4893042861849608,-9.515146004517598,24.704820832963254,3.489562289562002,-14.840123352294809,399.4581359268168,9.742881364068705,18.0,8.0,3.736862618776388,3.3627389265624776,4.48117785417623,3.89316014912022,3.8468618626325575,3.830764818619901,3.6550497659196655,3.0,5.0,4.0,0.0,3.689970000000004,-10.01581564736858,467.2886147803046,11.397283287324504,0.0,0.0,0.0,1.0,3.0,0.0,2.0,5.0,4.0,3.0,54.871846056596624,0.0,0.9510144102980956,26.33075247660012,-0.494153335152439,3.554104154783232,17.28558491981497,5.466590667471765,-0.7080792633913806,0.0,0.6892602040816327,0.9510144102980956,1.3409895964558662,1.843135512687107,0.0,0.7232518774567366,0.0,0.0,0.0,0.9510144102980956,1.9668532007950448,0.1601996231559808,1.9158359613161235,1.088630350413129,3.577475115926005,0.0,0.0,0.0,11.12650950339772,5.779258440061924,7.0,0.0,8.0,7.0,6.0,8.0,4.835690520709708,5.1238655208408295,2.5166205519436007,1.6223849457518726,13.70547512291777,34.72999729409335,41.67295646235807,43.96410192055715,9.493754109138724,2.0,16.0,2.0,0.0,0.0,0.0,0.4386026607319299,1.0000000000000002,2.023,7.319243876067861,8.155708661417323,8.0,9.0,1.0,7.5,2.263888888888889,1.8638888888888896,-7.12194559925769,10.418722059269282,91.26000000000002,7.002155954403621,4.85
9.690146409999985,74.51190000000001,34.0,0.0,7300.518757000017,30351.6081685738,25910.141765134023,28365.092193315413,558.1944444444446,67.56274881318691,58.89618163874349,68.29519659116032,234.3105037945076,196.0268410776669,176.8512222134397,187.07108805712525,206.99577246260503,195.4243619861512,7.919702386740328,158.40226815936035,154.31038386124126,158.9089432909623,158.237718465839,155.873663450765,156.7132165376542,3.1464947089947097,2.9202358783364373,3.35429141716567,3.517733835530444,3.678637200736648,-0.0209888880152435,0.2884488865560353,0.2480103476287775,141.3022955058384,210.0034714842148,96.65883821325836,-548.0041492068646,-23.00868527317324,862.3602821083209,-82.71250501437126,-788.4043211461963,3.6133951546226655,1.1123970844415711,-1.9541955308444543,0.5752290184264749,-0.9625072283288822,0.517795305880384,-1.3424710276713312,-1.3308062990874228,-5.066776030023467,0.4242404440515377,1.3627576344127694,-2.0368940510650395,-2.2251910254417417,113.59828647890564,-16.374500454329603,5.614427404174132,5.446182532748731,12.795168195702852,-15.53427115995399,-10.80584536644689,89.48523206751051,-2.780007655468314,18.5794744431982,30.889507557549564,10.561372821307115,-21.720054656483114,4.8329060513806565,9.959951218643743,21.203666613256484,2.287547971822178,3.733290551875113,1.6550293608379267,3.015897793513392,0.5460951311483523,-3.027647233187097,50.72235598375257,-1.5185655243779204,1.0989340456240115,4.817655207309056,-0.4673022882167867,-4.355824978708267,1.132724456550766,1.6496412439238366,1.4507906933644994,1.518702808905636,1.780593831556473,-14.071776317580156,28.02058499082159,-6.055620986322464,11.914289520430836,18.56814831916335,-8.859464329355015,28.499175060286827,1.4893042861846195,-6.5930520157561325,28.39533991040572,3.43108108108072,-4.469128845761087,516.3634626034516,11.474743613410036,20.0,6.0,3.735158770404359,3.512155913024947,4.095092499494434,3.891950005438592,3.873381717717943,3.77524961738296,3.700365566142162,3.0,5.0,4.0,4.0,7.042860000000009,-9.733554264899324,560.4730137391764,12.454955860870587,0.0,0.0,5.0,1.0,7.0,0.0,0.0,4.0,7.0,2.0,49.26176596876256,1.7402880594049703,0.9271255214092065,29.267320112328235,-0.3070836041053979,5.598697173865581,17.519636308912332,5.558703564010192,-0.6555320831362261,0.0,0.667269204248514,0.9271255214092065,1.6153548407275928,1.871954554651164,0.0,0.2653676576375403,0.0,0.0,0.4631894860898476,0.9271255214092065,2.1993523572969003,1.217408891537232,2.1137768259335754,1.2884842343705485,4.158170657146993,0.0,5.9356188812113535,0.0,14.240035031127688,5.920744633826449,3.25,0.0,7.0,7.0,6.0,8.0,5.218028374622454,5.372013147234866,2.808123519533289,1.6441464740414196,13.075839495120452,33.39180500637937,40.86830449480963,40.51674168711678,9.582222222222224,5.0,16.0,5.0,0.0,0.0,0.0,0.1249999999999999,1.157093730068718,2.002,7.822250650160349,9.406266103504125,13.0,14.0,2.0,7.5,2.555555555555555,1.9488888888888896,-5.857229522224665,14.396415413585974,87.33000000000001,7.618251097876695,4.85
5.538491559999988,86.8383,29.0,0.0,6429.853711000014,24114.04104205196,20696.676970101005,24191.146376015167,521.2222222222223,68.46264928000002,61.780353417218514,72.40436579220786,225.79075796262623,191.4884838509873,176.29059606927055,193.3153239632116,214.92294621629185,200.51721660930667,8.04544644155844,159.24154099894446,155.60961170224635,159.6956360400792,158.16709858580091,155.70414998145907,157.08536607802057,3.312597809076683,3.246578099838969,3.9406850459482055,3.908812260536397,4.1314935064935066,-0.0931979466268113,0.2571597567082208,0.22574831389967,115.17966017560266,6.148796049739431,-134.15483204823084,-738.8615972141027,-80.24653507825519,549.4913785102638,-226.61202097408847,-887.5572312353379,3.672840987889275,1.243304839965384,-2.194075413494849,-0.2885976150519571,-1.542871625432593,-0.0175288979239364,-1.4334980603628773,-1.1081494722690812,-3.7964186139863134,0.3226782169039536,1.5430593298755342,-2.178490096622909,-2.3185353037217675,98.14912123382972,-16.906446000294327,5.910457052899655,-0.3938431206554385,7.620259215906598,-13.566463573592168,-7.365925430527693,112.11764705882354,-2.737216455209533,20.38879277201076,34.73068050749708,30.372741253364115,-29.647251057285715,-15.408208381391775,-13.05642060745868,8.836505190311382,1.8573416850814584,5.844509142027099,3.3049108331581305,1.2924452419754795,-0.925205738263661,-4.797802579312355,49.890037359506415,-1.692424831075058,2.114320099159686,3.981821583407709,-1.5628415239592317,-5.763358644385311,1.6487889273356402,1.7026191209454158,1.5097949581621493,1.3998659394121094,1.7805938315563594,-8.529648179865509,23.592651347126843,-4.45406824368213,9.736155124116678,17.254632424393808,-9.915124621180976,24.334535701780663,1.489304286184563,-5.097481047827981,23.29956094601956,3.4857142857138967,-3.709256439255132,369.6671231615261,9.478644183628877,21.0,8.0,3.5045573174458173,3.322243128054146,4.568346031401071,3.876629020379452,3.858885852829284,3.708707012375773,3.664189186712503,3.0,3.0,4.0,4.0,4.193950000000005,-15.569061569053565,427.8626837688766,10.97083804535581,0.0,0.0,5.0,2.0,7.0,0.0,2.0,5.0,2.0,3.0,54.539810878491615,2.0031276790758468,1.500744689160517,18.860847524167063,-0.3641999626481449,1.7602005196997283,17.253273966486283,5.454034620177955,-0.6951335092805413,0.0,0.6777014186260668,0.571317659184921,1.3743534003107416,1.8759671831222304,0.0,0.8715752713132758,0.0,0.0,0.571317659184921,0.929427029975596,2.1019920896839337,1.0740762287187802,1.896320003135043,0.8886252483864526,3.5661457770917058,0.0,0.0,0.0,10.421772350460571,5.731570185601692,2.5,0.0,8.0,7.0,6.0,8.0,5.054158980860776,5.122615187214506,2.4410347318422616,1.3969664479366315,13.76650772094012,35.51429078272183,40.72128810972617,38.37969351325706,10.05061224489796,7.0,10.0,7.0,0.0,0.0,0.0,0.4386026607319299,1.0000000000000002,1.975,6.8738106229292,5.913563829787234,11.0,12.0,2.0,6.0,2.263888888888889,1.6016666666666672,-5.580067529344618,10.69701984773734,91.26000000000002,7.002155954403621,4.85
7.980060009999992,71.6003,32.0,0.0,7154.222508000016,28872.653013535208,24393.92459309565,26426.769395138115,546.0277777777778,69.94025176300588,60.72754925274728,71.76539994082849,237.90405059089247,200.4051256137587,180.0647532846806,191.0525083368841,205.643074345153,201.3065167185013,7.983599621301772,158.12038847961804,153.78921796362613,158.64095062381983,157.91527323733288,156.64999845834208,156.37141653927878,3.198216735253773,3.0032679738562096,3.469409282700424,3.5466211825860934,3.8165680473372783,-0.0188981345735762,0.2809968551170533,0.2533674272389332,144.751763371183,118.43104377562142,281.3277476315728,-580.4376868698125,-26.680906721357843,780.9456233304803,254.16647186936024,-729.4462159354712,3.4810658504155096,0.9595050193905568,-2.1322003988920084,0.3336666038780604,-1.0128648421053377,0.2892160443212492,-1.3419033450867612,-1.0438254909345162,-5.384863097261775,0.2581333352651792,-0.4615683015934814,-0.6149920317151081,-1.738898970224667,109.6904738724076,-16.298498304705667,7.447918803503509,4.985517425360943,12.194859545213582,-8.339482528305897,-7.557422662555715,88.46491228070188,-3.420206217297629,17.137811634349006,28.41759002770077,8.03724222837796,-23.773853493382543,-0.1770544783010192,10.068713450292403,19.3674976915974,2.2784669306794307,3.3610530637439195,1.300500329350709,1.2049285335039404,1.6451915066173846,-3.434542525856879,50.386976420380506,-1.236481837207721,0.7667227533501432,4.593797784296943,1.4863536366629253,-4.3162497984347405,1.1640120036934458,1.642579932149011,1.4794787521310084,1.5629978027007103,1.780593831556473,-21.05380577895588,28.982044167467883,-7.404481081871711,11.835165112292795,18.09716041143496,-7.517052525056747,27.270082367049625,1.4893042861847334,-8.262345734297453,28.632215051796667,3.443783068782409,-6.123151515735221,478.1538552351651,10.86713307352648,19.0,6.0,3.735112873133418,3.506158934780524,4.089341203169368,3.8868861683029854,3.868601640083672,3.769921857957032,3.6941246575140334,3.0,5.0,4.0,3.0,6.652760000000008,-9.179703493019865,514.6494381468981,11.696578139702227,0.0,0.0,4.0,1.0,6.0,0.0,0.0,4.0,7.0,2.0,49.18851788084867,1.4594498804583704,0.9271255214092065,29.20403077187613,-0.3098243214745364,5.576845596393965,17.502443199394946,5.552343830574333,-0.6561519319786051,0.0,0.668245766748514,0.9271255214092065,1.6131326185053707,1.866954554651164,0.0,0.2635502410473966,0.0,0.0,0.4631894860898476,0.9271255214092065,2.177952699511125,1.1479644470927874,2.0998879370446866,1.2777434936298075,4.148781275161458,0.0,5.918222186996477,0.0,13.580570456471747,5.895971391196064,3.75,0.0,7.0,7.0,6.0,8.0,5.17194807251178,5.369573730520386,2.739517910182084,1.6102341637492756,13.21645208400022,33.694394825695674,40.98629845224672,40.208493824946686,9.13066532003535,4.0,16.0,4.0,0.0,0.0,0.0,0.1249999999999999,1.157093730068718,2.002,7.819542133610833,9.478387436605011,12.0,13.0,2.0,7.5,2.555555555555555,1.9488888888888896,-6.470802821646632,12.152646443796696,87.33000000000001,7.618251097876695,4.96
1.9248787600000008,75.52000000000001,22.0,1.0,12951.654599999987,21404.29124382749,18184.39375714292,22555.440929320583,511.73765432098776,94.63972736567185,77.18359199264712,91.62128602758632,262.9711457329099,224.48264685585096,196.388060278337,217.70149884234195,226.4789332419326,217.97236810913176,8.128360579310344,155.5612928617219,151.33311189056346,157.38449443990805,156.14742629610376,155.5817086951646,155.55476502979712,3.5667035194398387,3.5473208864602306,4.331211419753087,4.1613632411754455,4.389761600681141,-0.0713591575435446,0.3540446332179192,0.1207312107732109,21.794806918364458,54.552321854876894,-33.83543803854937,-533.9190540725633,-53.35589075632161,725.9153956982506,89.71452012689743,-774.78939349426,2.82818546938775,0.4424611224489705,-2.89012459183676,-0.4675643877551371,-2.198194061224534,-0.4181522244898332,-1.114703621462422,0.1888745537934625,-6.807079321178092,-0.9230199768773256,-0.5229398940274244,0.2128088737491233,-0.460477876956231,91.50497918947283,-14.167706531163454,12.499635538714106,-0.3910884860004913,18.30466283439642,-7.138983838806229,-2.7802918178303813,107.40497691989457,-5.675455890835732,12.099075318284603,24.61715983197628,20.980826218868383,-36.32136651210806,-10.230356183778197,-14.185834874771938,10.797683871851822,0.9437633937793584,-4.463912976156649,-5.046534853424695,-0.6586215093537562,-0.2382777326658406,-3.6822003729142296,48.87756916113887,-2.1039637820003056,-0.6526521530297388,5.950126194247956,0.631792395259841,-5.343375127546621,1.7048409034903895,1.610517423032797,1.599369561289634,1.3257789877207695,2.6302759500986213,-13.834867410166495,24.79417465112864,-8.396741765021783,9.894232417665064,17.250465604190826,-6.479744447159785,25.867789294188945,1.5361562728446074,-10.265347270541843,24.69995430985078,2.747469159765388,-12.44144417361358,397.6770313939779,9.699439790097022,18.0,8.0,3.742295404624692,3.7174069335597584,4.488216113397377,3.887854166562967,3.848963122783093,3.832875617563528,3.651190939061913,3.0,4.0,3.0,0.0,4.424450000000004,-10.01581564736858,467.2886147803046,11.397283287324504,0.0,0.0,0.0,1.0,3.0,0.0,2.0,5.0,4.0,3.0,54.90392611585799,0.0,0.9506317962791178,26.680738955778697,-0.4609233162976109,3.831430167412119,17.29816571853106,5.471362020457404,-0.7039228847905579,0.0,0.6889387020240194,0.9506317962791178,1.3525350925692634,1.8739191102186727,0.0,0.7606592848641439,0.0,0.0,0.0,0.9506317962791178,0.0,0.1638526902856105,2.0197454263367,1.3224266467094252,3.5868269677778573,0.0,0.0,0.0,10.618611433040163,5.776328752561924,7.5,0.5,8.0,7.0,6.0,8.0,4.925459883714354,5.024898971118964,2.386071728848578,1.602451640685869,21.358727735741223,42.59823245856235,49.47544052166468,45.170540462088056,9.493754109138724,2.0,16.0,2.0,0.0,0.0,0.0,0.4386026607319299,1.0000000000000002,2.265,7.324201539599535,8.089665354330709,8.0,9.0,1.0,7.5,2.263888888888889,1.8638888888888896,-7.12194559925769,10.418722059269282,91.26000000000002,7.002155954403621,5.1
4.265877159999994,83.9267,31.0,0.0,7153.206444000016,27208.90741128526,22920.885680479096,25410.967687052165,573.5000000000001,69.9809175628743,60.96511277325579,74.8589777116565,237.38186206295657,201.31810400140952,180.3692163024025,195.826405605864,208.4344326448595,207.67543393102432,7.993899312883433,157.7630916323563,153.55677325285907,158.19132215863524,157.40288387331273,156.56594861039312,155.89550728252863,3.318917018284107,3.130977496483826,3.856111111111112,3.797666009204468,4.13309475119291,-0.0859251486647232,0.3233894738508065,0.2086372132305013,80.502272467192,240.94649847679787,290.86655870239366,-487.6994161552073,-36.2957961466562,980.2334725044534,289.47974745761144,-624.5021884008038,3.650632408888897,1.3867772977777666,-1.902517297777813,0.4577850666666039,-1.103128515555639,0.4831579911110257,-1.1567778863044325,-0.6411839632395115,-4.685870767233899,-0.1756586808850954,-1.5135451649167715,-0.4346093736462509,-1.5134316420542389,108.50551923825093,-14.815360584184312,10.392450641432468,-1.6464387474019435,19.69026758104981,-9.301477732354943,-2.200367615781782,113.48740740740762,-3.7393283950617295,20.37031111111113,34.07766913580248,30.00184197530863,-24.08717530864199,-0.3381481481481538,-4.631254320987637,20.64329382716053,1.8317084420049723,3.89848223786346,2.189203840530237,1.3765463941332765,1.7211038976473,-2.9920209580074064,50.17403986199774,-1.3018056018022788,0.8317876744789356,6.204009319648439,1.7128979139503635,-3.831301769330085,1.5131654320987682,1.6357420533273268,1.4459704004983451,1.3552804071164466,1.780593831556132,-12.402178831722011,27.70495306066419,-5.196231108719833,12.168117315595378,18.282251825751864,-8.406181380246947,27.27308153738093,1.4893042861846195,-5.724784671125252,27.854289719728847,3.427865961199302,-5.618323016931251,516.101805617961,11.729586491317294,21.0,8.0,3.73713483138538,3.4032345833613,4.5336274193072255,3.90972164852354,3.864743546846798,3.847696525028735,3.677807412853922,3.0,5.0,4.0,3.0,5.004550000000007,-11.626710170523594,559.1069612943796,12.706976393054084,0.0,0.0,4.0,1.0,6.0,0.0,2.0,5.0,4.0,3.0,55.19341987614494,1.460621446457661,0.9510144102980956,26.711435740323235,-0.4744920814039448,3.721067216919333,17.350813911992297,5.491033388187502,-0.7056581048181114,0.0,0.6853942928256116,0.9510144102980956,1.3562946673669978,1.874997991955022,0.0,0.7460745342972507,0.0,0.0,0.4626648113247779,0.9510144102980956,2.15168238895399,1.1221913399020351,2.022641516871679,1.2292322022649809,3.611205636570861,0.0,0.0,0.0,12.934061168890496,5.831068431084877,5.5,0.0,8.0,7.0,6.0,8.0,5.138492857018319,5.338753523800371,2.642279871325661,1.5610320855949809,13.245368562827018,34.6708835006369,41.37043575376251,40.50511859620748,10.75609756097561,4.0,16.0,4.0,0.0,0.0,0.0,0.4386026607319299,1.0000000000000002,2.023,7.366208078509428,8.120303199404763,11.0,12.0,2.0,7.5,2.263888888888889,1.9038888888888896,-5.499966090134136,12.778387994272258,91.26000000000002,7.002155954403621,5.4
5.538491559999988,86.8383,33.0,0.0,7299.502693000017,28687.86256632385,24437.102852517484,27349.29048522945,585.6666666666667,67.52028387500005,59.02075207734805,71.05766491428577,233.680818144729,196.7438733704005,176.96300303297437,191.301619345399,209.70688645623528,201.1548795704205,7.927105051428568,158.06232734057974,154.10759254696623,158.4964782669826,157.7761126168982,155.78362291180193,156.28165991559686,3.261517615176152,3.0350964737192285,3.7133123689727454,3.759841269841268,3.9663492063492063,-0.0880158648409289,0.3309492042271176,0.2001066028802909,73.98852533332652,336.03503313888706,105.18860419443676,-447.057875305562,-33.543158820468946,1067.566560714549,-52.57989342210851,-673.0954876138951,3.777401054569375,1.5317647541091286,-1.725947286653554,0.7097921479289309,-1.0469713879027849,0.7160422018408128,-1.1586915480844446,-0.9369804568901228,-4.357120805994013,0.0014634060917128,0.3675662525551669,-1.8849771782982685,-1.964486142176844,112.43891856039666,-14.899417370060622,8.510669177728538,-1.1034207008930683,20.398784979011683,-16.6839235824026,-5.356827363135633,114.75498575498564,-3.0387172182043973,22.028928336620663,37.06638541894957,33.135510263715425,-21.577270070859804,5.779366644751247,-4.421086273650372,22.91438381181972,1.8415280663955664,4.254169467171702,2.5147849145181174,3.347862318134134,0.6010777382539243,-2.554616430317497,50.54682687389532,-1.6141107686246758,1.18841622264522,6.392614136015264,-0.30045653384062,-3.8462599292222577,1.4712177660895591,1.6435441581824346,1.4131345822057209,1.3151498299361966,1.7805938315560184,-9.869541125078406,27.98698080248383,-4.383568581471567,14.820256228894022,18.764451438642983,-10.082679679747136,30.655871152085098,1.4893042861847905,-4.768754446787809,29.246561357429485,3.409523809524103,-4.002768278276515,528.2361149899781,11.738580333110624,22.0,8.0,3.737144342316459,3.4254623287200765,4.549621926982011,3.915226758086459,3.87018361153782,3.852842525376864,3.6846683461993215,3.0,5.0,4.0,4.0,5.394650000000008,-11.704239966542886,575.0294549885596,12.7784323330791,0.0,0.0,5.0,1.0,7.0,0.0,2.0,5.0,4.0,3.0,55.27472028339908,1.742433526788182,0.9510144102980956,26.76972508077534,-0.4699339474446622,3.736444455037823,17.368007021509687,5.497393121623361,-0.7050382559757324,0.0,0.6844177303256116,0.9510144102980956,1.35976688958922,1.8759431715391428,0.0,0.749771807959802,0.0,0.0,0.4626648113247779,0.9510144102980956,2.17671774684339,1.1916357843464798,2.036530405760568,1.2399729430057218,3.619266257268845,0.0,0.0,0.0,13.58383067547984,5.844953472636124,5.0,0.0,8.0,7.0,6.0,8.0,5.18572994308254,5.341688879446394,2.715504964342516,1.5972715567173168,13.104462559178655,34.32833097046569,41.237628444216114,40.80574931306556,11.266656989403396,5.0,16.0,5.0,0.0,0.0,0.0,0.4386026607319299,1.0000000000000002,2.023,7.370466760024699,8.054435483870968,12.0,13.0,2.0,7.5,2.263888888888889,1.9038888888888896,-5.008077935494219,16.97832390764337,91.26000000000002,7.002155954403621,5.52
