original_smiles,standardized_smiles,status,reason,changed,fragment_changed,charge_changed,tautomer_changed
c1ccc2c(c1)cc1ccc3cccc4ccc2c1c34,c1ccc2c(c1)cc1ccc3cccc4ccc2c1c34,ok,,False,False,False,False
O=[N+]([O-])c1ccc(O)c([N+](=O)[O-])c1,O=[N+]([O-])c1ccc(O)c([N+](=O)[O-])c1,ok,,False,False,False,False
O=C(O)c1ccc(Cl)c(Cl)c1,O=C(O)c1ccc(Cl)c(Cl)c1,ok,,False,False,False,False
Oc1c(Cl)cc(Cl)c(Cl)c1Cl,Oc1c(Cl)cc(Cl)c(Cl)c1Cl,ok,,False,False,False,False
CCOCC,CCOCC,ok,,False,False,False,False
COP(=O)(OC)OC=C(Cl)Cl,COP(=O)(OC)OC=C(Cl)Cl,ok,,False,False,False,False
ClC(Cl)(Cl)C(Cl)(Cl)Cl,ClC(Cl)(Cl)C(Cl)(Cl)Cl,ok,,False,False,False,False
Oc1c(Cl)cc(Cl)c(Cl)c1Cc1c(O)c(Cl)cc(Cl)c1Cl,Oc1c(Cl)cc(Cl)c(Cl)c1Cc1c(O)c(Cl)cc(Cl)c1Cl,ok,,False,False,False,False
O=C(O)C(Cl)(Cl)Cl,O=C(O)C(Cl)(Cl)Cl,ok,,False,False,False,False
O=C(O)C(O)(c1ccccc1)c1ccccc1,O=C(O)C(O)(c1ccccc1)c1ccccc1,ok,,False,False,False,False
CCOP(=O)(OCC)OCC,CCOP(=O)(OCC)OCC,ok,,False,False,False,False
CC1=CC(=O)CC(C)(C)C1,CC1=CC(=O)CC(C)(C)C1,ok,,False,False,False,False
BrC(Br)C(Br)Br,BrC(Br)C(Br)Br,ok,,False,False,False,False
C=C1C2CCC(C2)C1(C)C,C=C1C2CCC(C2)C1(C)C,ok,,False,False,False,False
Nc1ccc(/C=C/c2ccc(N)cc2S(=O)(=O)O)c(S(=O)(=O)O)c1,Nc1ccc(C=Cc2ccc(N)cc2S(=O)(=O)O)c(S(=O)(=O)O)c1,ok,,True,False,False,True
CCCCOC(=O)c1ccccc1C(=O)OCCCC,CCCCOC(=O)c1ccccc1C(=O)OCCCC,ok,,False,False,False,False
Cc1c(Br)c(Br)c(Br)c(Br)c1Br,Cc1c(Br)c(Br)c(Br)c(Br)c1Br,ok,,False,False,False,False
Oc1c(Cl)cc(Cl)cc1Cl,Oc1c(Cl)cc(Cl)cc1Cl,ok,,False,False,False,False
Cc1ccc(N)c(S(=O)(=O)O)c1,Cc1ccc(N)c(S(=O)(=O)O)c1,ok,,False,False,False,False
Nc1ccc(-c2ccc(N)c(Cl)c2)cc1Cl,Nc1ccc(-c2ccc(N)c(Cl)c2)cc1Cl,ok,,False,False,False,False
c1ccc2c(c1)Nc1ccccc1S2,c1ccc2c(c1)Nc1ccccc1S2,ok,,False,False,False,False
Cc1ccccc1Cl,Cc1ccccc1Cl,ok,,False,False,False,False
Cc1ccc(C)c(C)c1,Cc1ccc(C)c(C)c1,ok,,False,False,False,False
Nc1ccc(Cl)c(Cl)c1,Nc1ccc(Cl)c(Cl)c1,ok,,False,False,False,False
ClCC(Cl)CCl,ClCC(Cl)CCl,ok,,False,False,False,False
CC/C(C)=N/O,CCC(C)=NO,ok,,True,False,False,True
Cc1cc(O)c(C(C)(C)C)cc1Sc1cc(C(C)(C)C)c(O)cc1C,Cc1cc(O)c(C(C)(C)C)cc1Sc1cc(C(C)(C)C)c(O)cc1C,ok,,False,False,False,False
FC(F)(F)c1cccc(Cl)c1,FC(F)(F)c1cccc(Cl)c1,ok,,False,False,False,False
CC(N)c1ccccc1,CC(N)c1ccccc1,ok,,False,False,False,False
Nc1cccc([N+](=O)[O-])c1,Nc1cccc([N+](=O)[O-])c1,ok,,False,False,False,False
O=[N+]([O-])c1ccc(O)cc1,O=[N+]([O-])c1ccc(O)cc1,ok,,False,False,False,False
N=C(Nc1ccccc1)Nc1ccccc1,N=C(Nc1ccccc1)Nc1ccccc1,ok,,False,False,False,False
Cc1cc(C)cc(C)c1,Cc1cc(C)cc(C)c1,ok,,False,False,False,False
Brc1ccccc1,Brc1ccccc1,ok,,False,False,False,False
CCCCCl,CCCCCl,ok,,False,False,False,False
C1CNCCN1,C1CNCCN1,ok,,False,False,False,False
CC(O)COCC(C)O,CC(O)COCC(C)O,ok,,False,False,False,False
NCCNCCN,NCCNCCN,ok,,False,False,False,False
ClCCOCCCl,ClCCOCCCl,ok,,False,False,False,False
Cc1cc(Cc2cc(C)cc(C(C)(C)C)c2O)c(O)c(C(C)(C)C)c1,Cc1cc(Cc2cc(C)cc(C(C)(C)C)c2O)c(O)c(C(C)(C)C)c1,ok,,False,False,False,False
O=C(c1ccccc1)c1ccccc1,O=C(c1ccccc1)c1ccccc1,ok,,False,False,False,False
CC1OC(C)OC(C)O1,CC1OC(C)OC(C)O1,ok,,False,False,False,False
O=P(OCC(Br)CBr)(OCC(Br)CBr)OCC(Br)CBr,O=P(OCC(Br)CBr)(OCC(Br)CBr)OCC(Br)CBr,ok,,False,False,False,False
CCCCOP(=O)(OCCCC)OCCCC,CCCCOP(=O)(OCCCC)OCCCC,ok,,False,False,False,False
O=C1c2ccccc2C(=O)c2c(O)cccc21,O=C1c2ccccc2C(=O)c2c(O)cccc21,ok,,False,False,False,False
CN(C)C(=S)SSC(=S)N(C)C,CN(C)C(=S)SSC(=S)N(C)C,ok,,False,False,False,False
CCOP(=S)(OCC)SCCSCC,CCOP(=S)(OCC)SCCSCC,ok,,False,False,False,False
CCOC(=O)C(SP(=S)(OC)OC)c1ccccc1,CCOC(=O)C(SP(=S)(OC)OC)c1ccccc1,ok,,False,False,False,False
CN(C)C(O)=Nc1ccc(Cl)c(Cl)c1,CN(C)C(=O)Nc1ccc(Cl)c(Cl)c1,ok,,True,False,False,True
CCOP(=S)(OCC)Oc1cc(C)nc(C(C)C)n1,CCOP(=S)(OCC)Oc1cc(C)nc(C(C)C)n1,ok,,False,False,False,False
Cc1ccc(C)c(C)c1C,Cc1ccc(C)c(C)c1C,ok,,False,False,False,False
CC1CCCC(C)N1,CC1CCCC(C)N1,ok,,False,False,False,False
Nc1ccccn1,Nc1ccccn1,ok,,False,False,False,False
CCOC(=O)C(O)(c1ccc(Cl)cc1)c1ccc(Cl)cc1,CCOC(=O)C(O)(c1ccc(Cl)cc1)c1ccc(Cl)cc1,ok,,False,False,False,False
O=C(O)C(Br)C(Br)C(=O)O,O=C(O)C(Br)C(Br)C(=O)O,ok,,False,False,False,False
Cc1cc([N+](=O)[O-])cc([N+](=O)[O-])c1O,Cc1cc([N+](=O)[O-])cc([N+](=O)[O-])c1O,ok,,False,False,False,False
CN(C)c1ccc(C(=C2C=CC(=[N+](C)C)C=C2)c2ccccc2)cc1,CN(C)c1ccc(C(=C2C=CC(=[N+](C)C)C=C2)c2ccccc2)cc1,ok,,False,False,False,False
Oc1cc(Cl)cc(Cl)c1,Oc1cc(Cl)cc(Cl)c1,ok,,False,False,False,False
CNc1ccccc1C,CNc1ccccc1C,ok,,False,False,False,False
CCc1ccccc1[N+](=O)[O-],CCc1ccccc1[N+](=O)[O-],ok,,False,False,False,False
O=c1n(CCO)c(=O)n(CCO)c(=O)n1CCO,O=c1n(CCO)c(=O)n(CCO)c(=O)n1CCO,ok,,False,False,False,False
OC1=NCCCCCCCCCCC1,O=C1CCCCCCCCCCCN1,ok,,True,False,False,True
OCc1ccc(Cl)c(Cl)c1,OCc1ccc(Cl)c(Cl)c1,ok,,False,False,False,False
CCCCCCCCc1ccc(O)cc1,CCCCCCCCc1ccc(O)cc1,ok,,False,False,False,False
CN(C)c1ccc(C(=N)c2ccc(N(C)C)cc2)cc1,CN(C)c1ccc(C(=N)c2ccc(N(C)C)cc2)cc1,ok,,False,False,False,False
c1cc[n+]2c(c1)-c1cccc[n+]1CC2,c1cc[n+]2c(c1)-c1cccc[n+]1CC2,ok,,False,False,False,False
CCC(C)c1ccccc1OC(O)=NC,CCC(C)c1ccccc1OC(=O)NC,ok,,True,False,False,True
COP1(=S)OCc2ccccc2O1,COP1(=S)OCc2ccccc2O1,ok,,False,False,False,False
Cc1ccc([N+](=O)[O-])cc1O,Cc1ccc([N+](=O)[O-])cc1O,ok,,False,False,False,False
CC(=O)C(/N=N/c1ccc(-c2ccc(/N=N/C(C(C)=O)C(O)=Nc3ccccc3)c(Cl)c2)cc1Cl)C(O)=Nc1ccccc1,CC(=O)C(=NNc1ccc(-c2ccc(NN=C(C(C)=O)C(=O)Nc3ccccc3)c(Cl)c2)cc1Cl)C(=O)Nc1ccccc1,ok,,True,False,False,True
Cc1ccc(S(=O)(=O)Oc2ccc(/N=N/c3ccc(-c4ccc(/N=N/c5c(O)ccc6cc(S(=O)(=O)O)cc(S(=O)(=O)O)c56)c(C)c4)cc3C)cc2)cc1,Cc1ccc(S(=O)(=O)Oc2ccc(/N=N/c3ccc(-c4ccc(N=Nc5c(O)ccc6cc(S(=O)(=O)O)cc(S(=O)(=O)O)c56)c(C)c4)cc3C)cc2)cc1,ok,,True,False,False,True
O=C1c2ccccc2C(=O)C1c1nc2ccccc2c(Br)c1O,O=C1c2ccccc2C(=O)C1c1nc2ccccc2c(Br)c1O,ok,,False,False,False,False
C=C(CC(C)(C)c1ccc(O)cc1)c1ccc(O)cc1,CC(=CC(C)(C)c1ccc(O)cc1)c1ccc(O)cc1,ok,,True,False,False,True
CCOP(=S)(OCC)O/N=C(\C#N)c1ccccc1,CCOP(=S)(OCC)O/N=C(\C#N)c1ccccc1,ok,,False,False,False,False
CC(C)CCCCCCCOC(=O)c1ccccc1C(=O)OCCCCCCCC(C)C,CC(C)CCCCCCCOC(=O)c1ccccc1C(=O)OCCCCCCCC(C)C,ok,,False,False,False,False
Clc1cc2c(cc1Cl)Oc1ccccc1O2,Clc1cc2c(cc1Cl)Oc1ccccc1O2,ok,,False,False,False,False
ClCCOC(c1ccccc1)c1ccccc1,ClCCOC(c1ccccc1)c1ccccc1,ok,,False,False,False,False
N#CCCN(CCOC(=O)c1ccccc1)c1ccc(/N=N/c2ccc([N+](=O)[O-])cc2)cc1,N#CCCN(CCOC(=O)c1ccccc1)c1ccc(/N=N/c2ccc([N+](=O)[O-])cc2)cc1,ok,,False,False,False,False
CC1CCC(C(=O)O)C(C(=O)O)C1,CC1CCC(C(=O)O)C(C(=O)O)C1,ok,,False,False,False,False
Cc1cc(O)no1,Cc1cc(=O)[nH]o1,ok,,True,False,False,True
CC(C)OC(O)=Nc1cccc(Cl)c1,CC(C)OC(=O)Nc1cccc(Cl)c1,ok,,True,False,False,True
CN(C)S(=O)(=O)N(SC(F)(Cl)Cl)c1ccccc1,CN(C)S(=O)(=O)N(SC(F)(Cl)Cl)c1ccccc1,ok,,False,False,False,False
CCCCN(CC)C(=O)SCCC,CCCCN(CC)C(=O)SCCC,ok,,False,False,False,False
FC(F)C(F)(F)OCC(Cn1cncn1)c1ccc(Cl)cc1Cl,FC(F)C(F)(F)OCC(Cn1cncn1)c1ccc(Cl)cc1Cl,ok,,False,False,False,False
CN=C(O)Oc1ccccc1OC(C)C,CNC(=O)Oc1ccccc1OC(C)C,ok,,True,False,False,True
CN=C(O)O/N=C/C(C)(C)SC,CNC(=O)O/N=C/C(C)(C)SC,ok,,True,False,False,True
CC(Oc1ccc(Oc2cnc3cc(Cl)ccc3n2)cc1)C(=O)OCC1CCCO1,CC(Oc1ccc(Oc2cnc3cc(Cl)ccc3n2)cc1)C(=O)OCC1CCCO1,ok,,False,False,False,False
O=C(S)c1cccc2nnsc12,O=C(S)c1cccc2nnsc12,ok,,False,False,False,False
CC1(C(O)=Nc2ccc(O)c(Cl)c2Cl)CCCCC1,CC1(C(=O)Nc2ccc(O)c(Cl)c2Cl)CCCCC1,ok,,True,False,False,True
O=C1C(Br)=CC(=CNOc2ccc([N+](=O)[O-])cc2[N+](=O)[O-])C=C1Br,O=[N+]([O-])c1ccc(ON=Cc2cc(Br)c(O)c(Br)c2)c([N+](=O)[O-])c1,ok,,True,False,False,True
CCCSP(=O)(OCC)SCCC,CCCSP(=O)(OCC)SCCC,ok,,False,False,False,False
Fc1ccc([C@@]2(Cn3cncn3)O[C@@H]2c2ccccc2Cl)cc1,Fc1ccc([C@@]2(Cn3cncn3)O[C@@H]2c2ccccc2Cl)cc1,ok,,False,False,False,False
CCOC(O)=Nc1cccc(OC(O)=Nc2ccccc2)c1,CCOC(=O)Nc1cccc(OC(=O)Nc2ccccc2)c1,ok,,True,False,False,True
COC(O)=Nc1cccc(OC(O)=Nc2cccc(C)c2)c1,COC(=O)Nc1cccc(OC(=O)Nc2cccc(C)c2)c1,ok,,True,False,False,True
OC(=Nc1ccc(F)cc1)c1cccc(Oc2cccc(C(F)(F)F)c2)n1,O=C(Nc1ccc(F)cc1)c1cccc(Oc2cccc(C(F)(F)F)c2)n1,ok,,True,False,False,True
CO/N=C(/C(=O)OC)c1ccccc1COc1ccccc1C,CO/N=C(/C(=O)OC)c1ccccc1COc1ccccc1C,ok,,False,False,False,False
CCC(C)(C)C(=O)OC1=C(c2ccc(Cl)cc2Cl)C(=O)OC12CCCCC2,CCC(C)(C)C(=O)OC1=C(c2ccc(Cl)cc2Cl)C(=O)OC12CCCCC2,ok,,False,False,False,False
c1ccc2[nH]c(-c3cscn3)nc2c1,c1ccc2[nH]c(-c3cscn3)nc2c1,ok,,False,False,False,False
Nc1cnn(-c2ccccc2)c(=O)c1Cl,Nc1cnn(-c2ccccc2)c(=O)c1Cl,ok,,False,False,False,False
CON(C)C(=O)Nc1ccc(Cl)cc1,CON(C)C(=O)Nc1ccc(Cl)cc1,ok,,False,False,False,False
COC(=O)c1c(Cl)c(Cl)c(C(=O)OC)c(Cl)c1Cl,COC(=O)c1c(Cl)c(Cl)c(C(=O)OC)c(Cl)c1Cl,ok,,False,False,False,False
CN=C(O)N(C)c1nc2ccccc2s1,CNC(=O)N(C)c1nc2ccccc2s1,ok,,True,False,False,True
CC(C)N(C(=O)CCl)c1ccccc1,CC(C)N(C(=O)CCl)c1ccccc1,ok,,False,False,False,False
CCCSC(=O)N(CCC)CCC,CCCSC(=O)N(CCC)CCC,ok,,False,False,False,False
COc1cnc(OC)n2nc(NS(=O)(=O)c3c(OCC(F)F)cccc3C(F)(F)F)nc12,COc1cnc(OC)n2nc(NS(=O)(=O)c3c(OCC(F)F)cccc3C(F)(F)F)nc12,ok,,False,False,False,False
COc1cc(C)c(C(=O)c2c(OC)ccc(Br)c2C)c(OC)c1OC,COc1cc(C)c(C(=O)c2c(OC)ccc(Br)c2C)c(OC)c1OC,ok,,False,False,False,False
C#CC(C)(C)N=C(O)c1cc(Cl)cc(Cl)c1,C#CC(C)(C)NC(=O)c1cc(Cl)cc(Cl)c1,ok,,True,False,False,True
COP(=S)(OC)SCC(=O)N(C)C=O,COP(=S)(OC)SCC(=O)N(C)C=O,ok,,False,False,False,False
CCCOC(O)=NCCCN(C)C,CCCOC(=O)NCCCN(C)C,ok,,True,False,False,True
CN=C(O)Oc1cc(C)cc(C(C)C)c1,CNC(=O)Oc1cc(C)cc(C(C)C)c1,ok,,True,False,False,True
OC=NC(N1CCN(C(N=CO)C(Cl)(Cl)Cl)CC1)C(Cl)(Cl)Cl,O=CNC(N1CCN(C(NC=O)C(Cl)(Cl)Cl)CC1)C(Cl)(Cl)Cl,ok,,True,False,False,True
CCN(CC)c1nc(C)cc(OP(=S)(OC)OC)n1,CCN(CC)c1nc(C)cc(OP(=S)(OC)OC)n1,ok,,False,False,False,False
CC12CC1(C)C(=O)N(c1cc(Cl)cc(Cl)c1)C2=O,CC12CC1(C)C(=O)N(c1cc(Cl)cc(Cl)c1)C2=O,ok,,False,False,False,False
CCOCN(C(=O)CCl)c1c(C)cccc1CC,CCOCN(C(=O)CCl)c1c(C)cccc1CC,ok,,False,False,False,False
Oc1cc(Cl)nnc1-c1ccccc1,O=c1cc(Cl)[nH]nc1-c1ccccc1,ok,,True,False,False,True
CCOP(=S)(OCC)Oc1nc(Cl)n(C(C)C)n1,CCOP(=S)(OCC)Oc1nc(Cl)n(C(C)C)n1,ok,,False,False,False,False
CC1=C(C(O)=Nc2ccccc2)SCCO1,CC1=C(C(=O)Nc2ccccc2)SCCO1,ok,,True,False,False,True
Cl/C=C/CCl,Cl/C=C/CCl,ok,,False,False,False,False
CCCCCCCCCCCCC1=C(OC(C)=O)C(=O)c2ccccc2C1=O,CCCCCCCCCCC=Cc1c(OC(C)=O)c(O)c2ccccc2c1O,ok,,True,False,False,True
O=c1oc2ccccc2c(O)c1C1CCCc2ccccc21,O=c1c(C2CCCc3ccccc32)c(O)oc2ccccc12,ok,,True,False,False,True
Cc1nc(O)n(C(C)(C)C)c(=O)c1Cl,Cc1[nH]c(=O)n(C(C)(C)C)c(=O)c1Cl,ok,,True,False,False,True
CCCC1COC(Cn2cncn2)(c2ccc(Cl)cc2Cl)O1,CCCC1COC(Cn2cncn2)(c2ccc(Cl)cc2Cl)O1,ok,,False,False,False,False
CC(C)OC(=O)[C@@H](C)N(C(=O)c1ccccc1)c1ccc(F)c(Cl)c1,CC(C)OC(=O)C(C)N(C(=O)c1ccccc1)c1ccc(F)c(Cl)c1,ok,,True,False,False,True
CCS(=O)(=O)Oc1ccc2c(c1)C(C)(C)CO2,CCS(=O)(=O)Oc1ccc2c(c1)C(C)(C)CO2,ok,,False,False,False,False
CCCCOC(=O)C(C)Oc1ccc(Oc2ccc(C(F)(F)F)cn2)cc1,CCCCOC(=O)C(C)Oc1ccc(Oc2ccc(C(F)(F)F)cn2)cc1,ok,,False,False,False,False
COC(=O)C(C)Oc1ccc(Oc2ncc(C(F)(F)F)cc2Cl)cc1,COC(=O)C(C)Oc1ccc(Oc2ncc(C(F)(F)F)cc2Cl)cc1,ok,,False,False,False,False
CCCC(NOCC)=C1C(=O)CC(CC(C)SCC)CC1=O,CCCC(=NOCC)C1C(=O)CC(CC(C)SCC)CC1=O,ok,,True,False,False,True
N#Cc1c[nH]cc1-c1cccc(Cl)c1Cl,N#Cc1c[nH]cc1-c1cccc(Cl)c1Cl,ok,,False,False,False,False
CC(C)(C)C(O)C(Cc1ccc(Cl)cc1)n1cncn1,CC(C)(C)C(O)C(Cc1ccc(Cl)cc1)n1cncn1,ok,,False,False,False,False
COc1nc(C)nc(=NC(O)=NS(=O)(=O)c2ccccc2CCC(F)(F)F)[nH]1,COc1nc(C)nc(NC(=O)NS(=O)(=O)c2ccccc2CCC(F)(F)F)n1,ok,,True,False,False,True
O=C(O)COc1ccc(Cl)cc1Cl,O=C(O)COc1ccc(Cl)cc1Cl,ok,,False,False,False,False
O=C(O)c1ccc(Cl)cc1,O=C(O)c1ccc(Cl)cc1,ok,,False,False,False,False
N#Cc1cc(Br)c(O)c(Br)c1,N#Cc1cc(Br)c(O)c(Br)c1,ok,,False,False,False,False
CCC/C(=N\OCC)C1=C(O)CC(CC(C)SCC)CC1=O,CCCC(=NOCC)C1C(=O)CC(CC(C)SCC)CC1=O,ok,,True,False,False,True
Cc1cccc(C(C)C)c1,Cc1cccc(C(C)C)c1,ok,,False,False,False,False
N=c1nc[nH][nH]1,Nc1nc[nH]n1,ok,,True,False,False,True
ClCCl,ClCCl,ok,,False,False,False,False
CCCCOCCOP(=O)(OCCOCCCC)OCCOCCCC,CCCCOCCOP(=O)(OCCOCCCC)OCCOCCCC,ok,,False,False,False,False
Nc1c(S(=O)(=O)O)cc(S(=O)(=O)O)c2cccc(O)c12,Nc1c(S(=O)(=O)O)cc(S(=O)(=O)O)c2cccc(O)c12,ok,,False,False,False,False
c1cc2c3c(cccc3c1)CC2,c1cc2c3c(cccc3c1)CC2,ok,,False,False,False,False
CCc1ccc2c(c1)C(=O)c1ccccc1C2=O,C=Cc1ccc2c(O)c3ccccc3c(O)c2c1,ok,,True,False,False,True
Nc1ccccc1-c1ccccc1,Nc1ccccc1-c1ccccc1,ok,,False,False,False,False
OC(=Nc1ccccc1)c1cc2ccccc2cc1O,O=C(Nc1ccccc1)c1cc2ccccc2cc1O,ok,,True,False,False,True
Cc1ccccc1O,Cc1ccccc1O,ok,,False,False,False,False
Clc1ccccc1Cl,Clc1ccccc1Cl,ok,,False,False,False,False
Nc1ccccc1Cl,Nc1ccccc1Cl,ok,,False,False,False,False
Cc1ccc(N)cc1N,Cc1ccc(N)cc1N,ok,,False,False,False,False
CC(C)(C)c1ccc(O)c(C(C)(C)C)c1,CC(C)(C)c1ccc(O)c(C(C)(C)C)c1,ok,,False,False,False,False
CC(C)(C)c1ccc(O)cc1,CC(C)(C)c1ccc(O)cc1,ok,,False,False,False,False
CNc1ccccc1,CNc1ccccc1,ok,,False,False,False,False
C=CCN(CC=C)CC=C,C=CCN(CC=C)CC=C,ok,,False,False,False,False
CCCCCCCCCc1ccc(O)cc1,CCCCCCCCCc1ccc(O)cc1,ok,,False,False,False,False
O=Cc1ccc(Cl)cc1,O=Cc1ccc(Cl)cc1,ok,,False,False,False,False
Nc1cccc(N)c1,Nc1cccc(N)c1,ok,,False,False,False,False
c1ccoc1,c1ccoc1,ok,,False,False,False,False
NCCNCCO,NCCNCCO,ok,,False,False,False,False
OCC(CO)(CO)CO,OCC(CO)(CO)CO,ok,,False,False,False,False
Oc1c(Br)cc(Br)cc1Br,Oc1c(Br)cc(Br)cc1Br,ok,,False,False,False,False
O=C(O)c1ccccc1Cl,O=C(O)c1ccccc1Cl,ok,,False,False,False,False
CCOC(=O)CC(SP(=S)(OC)OC)C(=O)OCC,CCOC(=O)CC(SP(=S)(OC)OC)C(=O)OCC,ok,,False,False,False,False
C1COCCO1,C1COCCO1,ok,,False,False,False,False
CC(C)(CO)CO,CC(C)(CO)CO,ok,,False,False,False,False
COc1ccc(C(=O)c2ccccc2)c(O)c1,COc1ccc(C(=O)c2ccccc2)c(O)c1,ok,,False,False,False,False
O=C(Nc1ccc2c(O)cc(S(=O)(=O)O)cc2c1)Nc1ccc2c(O)cc(S(=O)(=O)O)cc2c1,O=C(Nc1ccc2c(O)cc(S(=O)(=O)O)cc2c1)Nc1ccc2c(O)cc(S(=O)(=O)O)cc2c1,ok,,False,False,False,False
N#CNC(=N)N,N#CN=C(N)N,ok,,True,False,False,True
C1CCC2CCCC2C1,C1CCC2CCCC2C1,ok,,False,False,False,False
C(=NC1CCCCC1)=NC1CCCCC1,C(=NC1CCCCC1)=NC1CCCCC1,ok,,False,False,False,False
CCCCCCCCCCCCCCCC,CCCCCCCCCCCCCCCC,ok,,False,False,False,False
Nc1ccc(Cl)cc1Cl,Nc1ccc(Cl)cc1Cl,ok,,False,False,False,False
O=[N+]([O-])c1cccc(O)c1,O=[N+]([O-])c1cccc(O)c1,ok,,False,False,False,False
COc1cccc([N+](=O)[O-])c1,COc1cccc([N+](=O)[O-])c1,ok,,False,False,False,False
Oc1cc(Cl)ccc1Cl,Oc1cc(Cl)ccc1Cl,ok,,False,False,False,False
Nc1cccc(O)c1,Nc1cccc(O)c1,ok,,False,False,False,False
CN1CCCCC1,CN1CCCCC1,ok,,False,False,False,False
Nc1cc(Cl)c(Cl)c(Cl)c1,Nc1cc(Cl)c(Cl)c(Cl)c1,ok,,False,False,False,False
CCOP(=S)(Oc1ccc([N+](=O)[O-])cc1)c1ccccc1,CCOP(=S)(Oc1ccc([N+](=O)[O-])cc1)c1ccccc1,ok,,False,False,False,False
Cc1cc(O)ccc1[N+](=O)[O-],Cc1cc(O)ccc1[N+](=O)[O-],ok,,False,False,False,False
COP(=S)(OC)Oc1ccc(S(C)(=O)=O)c(C)c1,COP(=S)(OC)Oc1ccc(S(C)(=O)=O)c(C)c1,ok,,False,False,False,False
CCCCCCCCCCCCCCCCCCN=C(O)NCCCCCCCCCCCCCCCCCC,CCCCCCCCCCCCCCCCCCNC(=O)NCCCCCCCCCCCCCCCCCC,ok,,True,False,False,True
O=[N+]([O-])c1cc(S(=O)(=O)Nc2ccccc2)ccc1Nc1ccccc1,O=[N+]([O-])c1cc(S(=O)(=O)Nc2ccccc2)ccc1Nc1ccccc1,ok,,False,False,False,False
Cc1ccc(C)c(C(C)c2ccccc2)c1,Cc1ccc(C)c(C(C)c2ccccc2)c1,ok,,False,False,False,False
O=S(=O)(O)c1cc(N=c2[nH]c(N3CCOCC3)nc(=Nc3ccccc3)[nH]2)ccc1/C=C/c1ccc(N=c2[nH]c(N3CCOCC3)nc(=Nc3ccccc3)[nH]2)cc1S(=O)(=O)O,O=S(=O)(O)c1cc(Nc2nc(Nc3ccccc3)nc(N3CCOCC3)n2)ccc1C=Cc1ccc(Nc2nc(Nc3ccccc3)nc(N3CCOCC3)n2)cc1S(=O)(=O)O,ok,,True,False,False,True
O=[N+]([O-])c1c(Cl)cc(Cl)cc1Cl,O=[N+]([O-])c1c(Cl)cc(Cl)cc1Cl,ok,,False,False,False,False
Nc1ccc(Oc2c(Cl)cc(Cl)cc2Cl)cc1,Nc1ccc(Oc2c(Cl)cc(Cl)cc2Cl)cc1,ok,,False,False,False,False
N#CCCN(CCC#N)c1ccc(/N=N/c2c(Cl)cc([N+](=O)[O-])cc2Cl)cc1,N#CCCN(CCC#N)c1ccc(/N=N/c2c(Cl)cc([N+](=O)[O-])cc2Cl)cc1,ok,,False,False,False,False
CCCCCCCCCCCCNC(=N)N,CCCCCCCCCCCCN=C(N)N,ok,,True,False,False,True
CN(C)C(O)=Nc1ccccc1,CN(C)C(=O)Nc1ccccc1,ok,,True,False,False,True
CN=c1nc(SC)[nH]c(=NC(C)C)[nH]1,CNc1nc(NC(C)C)nc(SC)n1,ok,,True,False,False,True
CC(C)=CC1C(C(=O)OCc2coc(Cc3ccccc3)c2)C1(C)C,CC(C)=CC1C(C(=O)OCc2coc(Cc3ccccc3)c2)C1(C)C,ok,,False,False,False,False
COc1cc(OC)nc(N=C(O)NS(=O)(=O)N(C)S(C)(=O)=O)n1,COc1cc(OC)nc(NC(=O)NS(=O)(=O)N(C)S(C)(=O)=O)n1,ok,,True,False,False,True
CCCCOC(=O)[C@@H](C)Oc1ccc(Oc2ccc(C#N)cc2F)cc1,CCCCOC(=O)C(C)Oc1ccc(Oc2ccc(C#N)cc2F)cc1,ok,,True,False,False,True
CCOC(=O)C(Cl)Cc1cc(-n2nc(C)n(C(F)F)c2=O)c(F)cc1Cl,CCOC(=O)C(Cl)Cc1cc(-n2nc(C)n(C(F)F)c2=O)c(F)cc1Cl,ok,,False,False,False,False
O=c1c2cc(F)ccc2nc(-n2cncn2)n1-c1ccc(Cl)cc1Cl,O=c1c2cc(F)ccc2nc(-n2cncn2)n1-c1ccc(Cl)cc1Cl,ok,,False,False,False,False
CN=C(S)S,CNC(=S)S,ok,,True,False,False,True
COP(=O)(OC)O/C(C)=C/C(=O)N(C)C,COP(=O)(OC)O/C(C)=C/C(=O)N(C)C,ok,,False,False,False,False
CCOC(=O)/C(Cl)=C/c1cc(N2C(=O)C3=C(CCCC3)C2=O)ccc1Cl,CCOC(=O)/C(Cl)=C/c1cc(N2C(=O)C3=C(CCCC3)C2=O)ccc1Cl,ok,,False,False,False,False
CCN(CC)C(=O)C(C)Oc1cccc2ccccc12,CCN(CC)C(=O)C(C)Oc1cccc2ccccc12,ok,,False,False,False,False
CN(C)C(=O)Nc1ccc(Oc2ccc(Cl)cc2)cc1,CN(C)C(=O)Nc1ccc(Oc2ccc(Cl)cc2)cc1,ok,,False,False,False,False
CN(C)C(O)=Nc1cccc(C(F)(F)F)c1,CN(C)C(=O)Nc1cccc(C(F)(F)F)c1,ok,,True,False,False,True
COC(O)=NS(=O)(=O)c1ccc(N)cc1,COC(=O)NS(=O)(=O)c1ccc(N)cc1,ok,,True,False,False,True
CCOP(=S)(OCC)Oc1ncn(-c2ccccc2)n1,CCOP(=S)(OCC)Oc1ncn(-c2ccccc2)n1,ok,,False,False,False,False
C=CCOC(Cn1ccnc1)c1ccc(Cl)cc1Cl,C=CCOC(Cn1ccnc1)c1ccc(Cl)cc1Cl,ok,,False,False,False,False
C#CCOc1ccc(CCN=C(O)C(OCC#C)c2ccc(Cl)cc2)cc1OC,C#CCOc1ccc(CCNC(=O)C(OCC#C)c2ccc(Cl)cc2)cc1OC,ok,,True,False,False,True
COCCN(C(=O)CCl)c1c(C)cccc1C,COCCN(C(=O)CCl)c1c(C)cccc1C,ok,,False,False,False,False
CCc1cccc(C)c1N(C(=O)CCl)C(C)COC,CCc1cccc(C)c1N(C(=O)CCl)C(C)COC,ok,,False,False,False,False
CCCN(CCC)C(=O)SCc1ccccc1,CCCN(CCC)C(=O)SCc1ccccc1,ok,,False,False,False,False
CN1CSC(=S)N(C)C1,CN1CSC(=S)N(C)C1,ok,,False,False,False,False
ClC1C(Cl)C(Cl)C(Cl)C(Cl)C1Cl,ClC1C(Cl)C(Cl)C(Cl)C(Cl)C1Cl,ok,,False,False,False,False
OC(c1ccc(Cl)cc1)(c1cncnc1)c1ccccc1Cl,OC(c1ccc(Cl)cc1)(c1cncnc1)c1ccccc1Cl,ok,,False,False,False,False
Nc1c(Cl)c(F)nc(OCC(=O)O)c1Cl,Nc1c(Cl)c(F)nc(OCC(=O)O)c1Cl,ok,,False,False,False,False
Cc1ccc(N(SC(F)(Cl)Cl)S(=O)(=O)N(C)C)cc1,Cc1ccc(N(SC(F)(Cl)Cl)S(=O)(=O)N(C)C)cc1,ok,,False,False,False,False
COC(=O)c1ccccc1S(=O)(=O)N=C(O)N=c1nc(C)nc(OC)[nH]1,COC(=O)c1ccccc1S(=O)(=O)NC(=O)Nc1nc(C)nc(OC)n1,ok,,True,False,False,True
COC(=O)c1sccc1S(=O)(=O)N=C(O)N=c1nc(C)nc(OC)[nH]1,COC(=O)c1sccc1S(=O)(=O)NC(=O)Nc1nc(C)nc(OC)n1,ok,,True,False,False,True
CC(C)C1(C)NC(c2nc3ccccc3cc2C(=O)O)=NC1=O,CC(C)C1(C)N=C(c2nc3ccccc3cc2C(=O)O)NC1=O,ok,,True,False,False,True
CCN=c1nc(NC(C)(C)C)[nH]c(SC)n1,CCNc1nc(NC(C)(C)C)nc(SC)n1,ok,,True,False,False,True
CC(C1CC1)C(O)(Cn1cncn1)c1ccc(Cl)cc1,CC(C1CC1)C(O)(Cn1cncn1)c1ccc(Cl)cc1,ok,,False,False,False,False
ClC(c1ccccc1)(c1ccccc1)c1ccccc1,ClC(c1ccccc1)(c1ccccc1)c1ccccc1,ok,,False,False,False,False
ClC1C(Br)C(Br)C(Br)C(Br)C1Br,ClC1C(Br)C(Br)C(Br)C(Br)C1Br,ok,,False,False,False,False
COc1ccccc1[N+](=O)[O-],COc1ccccc1[N+](=O)[O-],ok,,False,False,False,False
NS(=O)(=O)c1ccccc1,NS(=O)(=O)c1ccccc1,ok,,False,False,False,False
Brc1cccc(Br)c1,Brc1cccc(Br)c1,ok,,False,False,False,False
Oc1cccc(Cl)c1,Oc1cccc(Cl)c1,ok,,False,False,False,False
C1CCCCC1,C1CCCCC1,ok,,False,False,False,False
c1ccc2c(c1)CCCC2,c1ccc2c(c1)CCCC2,ok,,False,False,False,False
Nc1cc(S(=O)(=O)O)c(O)c2c1C(=O)c1c(O)c(S(=O)(=O)O)cc(N)c1C2=O,Nc1cc(S(=O)(=O)O)c(O)c2c1C(=O)c1c(O)c(S(=O)(=O)O)cc(N)c1C2=O,ok,,False,False,False,False
C1=Cc2cccc3cccc1c23,C1=Cc2cccc3cccc1c23,ok,,False,False,False,False
O=C(O)c1cccc([N+](=O)[O-])c1C(=O)O,O=C(O)c1cccc([N+](=O)[O-])c1C(=O)O,ok,,False,False,False,False
Cc1ccc(Cl)c(O)c1,Cc1ccc(Cl)c(O)c1,ok,,False,False,False,False
NCc1cccc(CN)c1,NCc1cccc(CN)c1,ok,,False,False,False,False
BrCC(CBr)(CBr)CBr,BrCC(CBr)(CBr)CBr,ok,,False,False,False,False
CCN(CC)C(=O)SCc1ccc(Cl)cc1,CCN(CC)C(=O)SCc1ccc(Cl)cc1,ok,,False,False,False,False
c1ccc2c(c1)[nH]c1ccccc12,c1ccc2c(c1)[nH]c1ccccc12,ok,,False,False,False,False
CCOP(=O)(NC(C)C)Oc1ccc(SC)c(C)c1,CCOP(=O)(NC(C)C)Oc1ccc(SC)c(C)c1,ok,,False,False,False,False
OC(=Nc1ccccc1)Nc1cnns1,O=C(Nc1ccccc1)Nc1cnns1,ok,,True,False,False,True
COP(=S)(OC)Oc1c(Cl)cc(C)cc1Cl,COP(=S)(OC)Oc1c(Cl)cc(C)cc1Cl,ok,,False,False,False,False
COCC(=O)N(c1c(C)cccc1C)C(C)C(=O)OC,COCC(=O)N(c1c(C)cccc1C)C(C)C(=O)OC,ok,,False,False,False,False
CC(C)Oc1cccc(N=C(O)c2ccccc2C(F)(F)F)c1,CC(C)Oc1cccc(NC(=O)c2ccccc2C(F)(F)F)c1,ok,,True,False,False,True
c1ccc2c(c1)ccc1cc3c(ccc4ccccc43)cc12,c1ccc2c(c1)ccc1cc3c(ccc4ccccc43)cc12,ok,,False,False,False,False
COc1c(Cl)cc(Cl)cc1Cl,COc1c(Cl)cc(Cl)cc1Cl,ok,,False,False,False,False
O=[N+]([O-])c1ccccc1O,O=[N+]([O-])c1ccccc1O,ok,,False,False,False,False
O=C(O)C1CC=CCC1C(=O)O,O=C(O)C1CC=CCC1C(=O)O,ok,,False,False,False,False
Oc1ccccc1Br,Oc1ccccc1Br,ok,,False,False,False,False
O=[N+]([O-])c1ccc(Cl)c(Cl)c1,O=[N+]([O-])c1ccc(Cl)c(Cl)c1,ok,,False,False,False,False
Oc1nc(O)nc(O)n1,O=c1[nH]c(=O)[nH]c(=O)[nH]1,ok,,True,False,False,True
C1COCCN1,C1COCCN1,ok,,False,False,False,False
CCN(CC)C(=O)c1cccc(C)c1,CCN(CC)C(=O)c1cccc(C)c1,ok,,False,False,False,False
O=S(=O)(O)c1ccc2cc(O)c(S(=O)(=O)O)cc2c1,O=S(=O)(O)c1ccc2cc(O)c(S(=O)(=O)O)cc2c1,ok,,False,False,False,False
c1ccc2c(c1)c1ccccc1c1ccccc21,c1ccc2c(c1)c1ccccc1c1ccccc21,ok,,False,False,False,False
CCCCC(CC)COP(=O)(O)OCC(CC)CCCC,CCCCC(CC)COP(=O)(O)OCC(CC)CCCC,ok,,False,False,False,False
CC(C)CCOCCC(C)C,CC(C)CCOCCC(C)C,ok,,False,False,False,False
O=[N+]([O-])c1cc(Cl)cc(Cl)c1O,O=[N+]([O-])c1cc(Cl)cc(Cl)c1O,ok,,False,False,False,False
N#Cc1cccc(C#N)c1,N#Cc1cccc(C#N)c1,ok,,False,False,False,False
Nc1cc(Cl)c(Cl)cc1Cl,Nc1cc(Cl)c(Cl)cc1Cl,ok,,False,False,False,False
CCCCCCCCCCCCCCCCCCCCCCCCCCCC(=O)OCCO,CCCCCCCCCCCCCCCCCCCCCCCCCCCC(=O)OCCO,ok,,False,False,False,False
N#Cc1nn(-c2c(Cl)cc(C(F)(F)F)cc2Cl)c(N)c1S(=O)C(F)(F)F,N#Cc1nn(-c2c(Cl)cc(C(F)(F)F)cc2Cl)c(N)c1[S+]([O-])C(F)(F)F,ok,,True,True,False,False
O=C1c2ccccc2C(=O)N1SC(Cl)(Cl)Cl,O=C1c2ccccc2C(=O)N1SC(Cl)(Cl)Cl,ok,,False,False,False,False
CS(=O)(=O)c1cc(C(F)(F)F)ccc1C(=O)c1cnoc1C1CC1,CS(=O)(=O)c1cc(C(F)(F)F)ccc1C(=O)c1cnoc1C1CC1,ok,,False,False,False,False
O=C(O)C1C2CCC(O2)C1C(=O)O,O=C(O)C1C2CCC(O2)C1C(=O)O,ok,,False,False,False,False
Cc1cc(C(F)(C(F)(F)F)C(F)(F)F)ccc1NC(=O)c1cccc(I)c1C(O)=NC(C)(C)CS(C)(=O)=O,Cc1cc(C(F)(C(F)(F)F)C(F)(F)F)ccc1NC(=O)c1cccc(I)c1C(=O)NC(C)(C)CS(C)(=O)=O,ok,,True,False,False,True
CC(C)N=C(O)N1CC(=O)N(c2cc(Cl)cc(Cl)c2)C1=O,CC(C)NC(=O)n1cc(O)n(-c2cc(Cl)cc(Cl)c2)c1=O,ok,,True,False,False,True
CCCCc1c(OS(=O)(=O)N(C)C)nc(=NCC)[nH]c1C,CCCCc1c(C)nc(NCC)nc1OS(=O)(=O)N(C)C,ok,,True,False,False,True
CC(Cl)CCl,CC(Cl)CCl,ok,,False,False,False,False
COC(=O)c1ccccc1CS(=O)(=O)NC(O)=Nc1nc(OC)cc(OC)n1,COC(=O)c1ccccc1CS(=O)(=O)NC(=O)Nc1nc(OC)cc(OC)n1,ok,,True,False,False,True
CCONC(CC)=C1C(=O)CC(c2c(C)cc(C)cc2C)CC1=O,CCON=C(CC)C1C(=O)CC(c2c(C)cc(C)cc2C)CC1=O,ok,,True,False,False,True
CCC(C)c1cc([N+](=O)[O-])cc([N+](=O)[O-])c1OC(=O)OC(C)C,CCC(C)c1cc([N+](=O)[O-])cc([N+](=O)[O-])c1OC(=O)OC(C)C,ok,,False,False,False,False
Cc1ccc(O)c(C)c1,Cc1ccc(O)c(C)c1,ok,,False,False,False,False
