compound_id,SMILES,knn_mean_similarity,nearest_neighbor_similarity,nearest_training_compound_id,threshold_used,ad_status
positive:0,ClC(Cl)=C(c1ccc(Cl)cc1)c1ccc(Cl)cc1,0.41695314489432145,0.47058823529411764,negative:48,0.19550586727542155,in_domain
positive:1,C=COCC(CC)CCCC,0.43727574750830556,0.5333333333333333,positive:113,0.19550586727542155,in_domain
positive:2,C=CCCCCCCCCCC,0.6157894736842106,1.0,positive:71,0.19550586727542155,in_domain
positive:3,C/C(=C/C(C)(C)C)CC(C)(C)C,0.24932027037290197,0.4090909090909091,negative:51,0.19550586727542155,in_domain
positive:4,c1ccc2c(c1)sc1ccccc12,0.3330865093768905,0.3684210526315789,positive:125,0.19550586727542155,in_domain
positive:5,C1CCCCCCCCCCC1,0.2444444444444444,0.2727272727272727,negative:53,0.19550586727542155,in_domain
positive:6,O=S(=O)(O)C(F)(F)C(F)(F)C(F)(F)C(F)(F)C(F)(F)C(F)(F)F,0.6279885057471264,1.0,positive:76,0.19550586727542155,in_domain
positive:7,Clc1ccc(Cl)c2ccccc12,0.4560037348272642,0.5238095238095238,positive:74,0.19550586727542155,in_domain
positive:8,ClC1=C(Cl)C2(Cl)C=CC1(Cl)C2(Cl)Cl,0.2881676413255361,0.3157894736842105,positive:94,0.19550586727542155,in_domain
positive:9,Oc1c(C2CCCCC2)cccc1C1CCCCC1,0.26913859560918385,0.32142857142857145,positive:21,0.19550586727542155,in_domain
positive:10,C1=C\CC/C=C\CC/C=C\CC/1,0.14782030834662413,0.25,negative:282,0.19550586727542155,out_of_domain
positive:11,Clc1ccc(-c2ccc(Cl)cc2Cl)cc1,0.5279598662207359,0.7,positive:77,0.19550586727542155,in_domain
positive:12,CCCCCCC(CC)CC,0.48397435897435903,0.5,positive:2,0.19550586727542155,in_domain
positive:13,Clc1c(Cl)c(Cl)c2ccccc2c1Cl,0.40616936629724354,0.45,positive:132,0.19550586727542155,in_domain
positive:14,Clc1cccc(-c2cccc(Cl)c2Cl)c1Cl,0.6171411318150447,0.6875,negative:18,0.19550586727542155,in_domain
positive:15,CCCCCCc1ccc(-c2ccc(C#N)cc2)cc1,0.35471177944862153,0.4473684210526316,negative:121,0.19550586727542155,in_domain
positive:16,Clc1ccc(Oc2cc(Cl)c(Cl)cc2Cl)c(Cl)c1,0.6699855699855701,0.8181818181818182,positive:84,0.19550586727542155,in_domain
positive:17,Clc1ccc2c(c1)oc1c(Cl)cccc12,0.39473062058001207,0.4594594594594595,positive:91,0.19550586727542155,in_domain
positive:18,CC(C)(C)c1cc(-n2nc3ccccc3n2)c(O)c(C(C)(C)C)c1,0.3660023534445871,0.5,positive:13,0.19550586727542155,in_domain
positive:19,O=C(NC(=O)c1c(F)cccc1F)Nc1cc(Cl)c(OC(F)(F)C(F)C(F)(F)F)cc1Cl,0.5084712180200223,0.5967741935483871,positive:36,0.19550586727542155,in_domain
positive:20,O=c1c(C2CC(c3ccc(-c4ccc(Br)cc4)cc3)Cc3ccccc32)c(O)sc2ccccc12,0.33241156167626756,0.5714285714285714,positive:53,0.19550586727542155,in_domain
positive:21,O=S1OCC2C(CO1)C1(Cl)C(Cl)=C(Cl)C2(Cl)C1(Cl)Cl,0.3344733044733045,0.4,positive:124,0.19550586727542155,in_domain
positive:22,C/C=C/C(=O)Oc1c(C(C)CCCCCC)cc([N+](=O)[O-])cc1[N+](=O)[O-],0.3222871117384944,0.44642857142857145,negative:22,0.19550586727542155,in_domain
positive:23,Cc1nn(C)c(Oc2ccccc2)c1/C=N/OCc1ccc(C(=O)OC(C)(C)C)cc1,0.2451540458807729,0.26582278481012656,negative:375,0.19550586727542155,in_domain
positive:24,CC(COc1ccc(C(C)(C)C)cc1)OS(=O)OCCCl,0.2929324719809536,0.36666666666666664,positive:41,0.19550586727542155,in_domain
positive:25,O=C1C2(Cl)C3(Cl)C4(Cl)C(Cl)(Cl)C5(Cl)C3(Cl)C1(Cl)C5(Cl)C24Cl,0.23638919176775247,0.4375,positive:96,0.19550586727542155,in_domain
positive:26,CC(C)OC(=O)C(O)(c1ccc(Br)cc1)c1ccc(Br)cc1,0.3616619745149646,0.696969696969697,positive:33,0.19550586727542155,in_domain
positive:27,FC(F)(F)/N=C1\S/C(=N\c2ccccc2)N(c2ccccc2)\C1=N/C(F)(F)F,0.19511675088576869,0.2413793103448276,negative:528,0.19550586727542155,out_of_domain
positive:28,C=C(C)CN(CC)c1c([N+](=O)[O-])cc(C(F)(F)F)cc1[N+](=O)[O-],0.49766485437347274,0.6444444444444445,positive:40,0.19550586727542155,in_domain
positive:29,Clc1cc(Cl)cc(C2(CC(Cl)(Cl)Cl)CO2)c1,0.24176485305342194,0.3076923076923077,positive:128,0.19550586727542155,in_domain
positive:30,Nc1c([N+](=O)[O-])ccc(Oc2ccccc2)c1Cl,0.38594351732991017,0.39473684210526316,negative:20,0.19550586727542155,in_domain
positive:31,C[C@H]1[C@H](c2ccc(Cl)cc2)SC(=O)N1C(=O)NC1CCCCC1,0.24452363706600994,0.26153846153846155,negative:397,0.19550586727542155,in_domain
positive:32,CCOP(=S)(OCC)Oc1ccc(Cl)cc1Cl,0.48262211330247273,0.6052631578947368,positive:49,0.19550586727542155,in_domain
positive:33,c1ccc(Nc2cccc3ccccc23)cc1,0.4628743961352657,0.5,negative:61,0.19550586727542155,in_domain
positive:34,c1ccc2c(c1)oc1ccccc12,0.33830484138735584,0.391304347826087,positive:81,0.19550586727542155,in_domain
positive:35,FC(F)(F)c1ccc(Cl)c(Cl)c1,0.4058361204013378,0.43478260869565216,positive:70,0.19550586727542155,in_domain
positive:36,c1ccc(-c2cccc3ccccc23)cc1,0.4701269841269841,0.55,positive:93,0.19550586727542155,in_domain
positive:37,C=CCCCCCCCC,0.6157894736842106,1.0,positive:71,0.19550586727542155,in_domain
positive:38,CC(C)c1ccc2ccccc2c1,0.4804242424242425,0.5454545454545454,positive:120,0.19550586727542155,in_domain
positive:39,Clc1ccc(-c2ccc(Cl)cc2)cc1,0.5387878787878788,0.7272727272727273,negative:48,0.19550586727542155,in_domain
positive:40,CCCCC(C)CCCC(C)C,0.37073365231259964,0.45454545454545453,positive:20,0.19550586727542155,in_domain
positive:41,CC(CC(C)(C)C)CC(C)(C)C,0.33490259740259737,0.6875,negative:104,0.19550586727542155,in_domain
positive:42,Clc1ccc(-c2cc(Cl)ccc2Cl)cc1,0.581025641025641,0.7,positive:27,0.19550586727542155,in_domain
positive:43,Clc1c(Cl)c(Cl)c2c(c1Cl)Oc1ccccc1O2,0.4141171328671329,0.64,negative:458,0.19550586727542155,in_domain
positive:44,Clc1ccc(-c2ccc(Cl)c(Cl)c2)c(Cl)c1,0.5959584698715134,0.6363636363636364,positive:70,0.19550586727542155,in_domain
positive:45,Clc1ccc(Cl)c(-c2ccccc2)c1,0.5537684537684537,0.6363636363636364,positive:27,0.19550586727542155,in_domain
positive:46,Clc1cc(Cl)c(-c2cc(Cl)c(Cl)cc2Cl)cc1Cl,0.5202485380116959,0.6666666666666666,positive:126,0.19550586727542155,in_domain
positive:47,Clc1ccc(Cl)c(-c2ccc(Cl)c(Cl)c2Cl)c1,0.5739977264115195,0.7142857142857143,positive:27,0.19550586727542155,in_domain
positive:48,Clc1ccc(-c2cc(Cl)ccc2Cl)c(Cl)c1,0.7059645160331659,0.7894736842105263,positive:27,0.19550586727542155,in_domain
positive:49,Clc1cc(Cl)cc(-c2cc(Cl)ccc2Cl)c1,0.5813701226309921,0.6666666666666666,positive:27,0.19550586727542155,in_domain
positive:50,Nc1ccc(Cc2ccc(N)c(Cl)c2Cl)c(Cl)c1Cl,0.36213107731848365,0.5217391304347826,negative:497,0.19550586727542155,in_domain
positive:51,Clc1ccc(Oc2cc(Cl)c(Cl)cc2Cl)cc1Cl,0.6325655182176921,0.6956521739130435,positive:90,0.19550586727542155,in_domain
positive:52,Clc1ccc2oc3cc(Cl)c(Cl)c(Cl)c3c2c1,0.49082476663121827,0.7419354838709677,positive:91,0.19550586727542155,in_domain
positive:53,O=[N+]([O-])c1c(Cl)c(Cl)cc(Cl)c1Cl,0.4488095238095238,0.6190476190476191,positive:62,0.19550586727542155,in_domain
positive:54,ClC1=C(Cl)C2(Cl)C3C4C=CC(C4)C3C1(Cl)C2(Cl)Cl,0.38511798088411,0.4838709677419355,positive:54,0.19550586727542155,in_domain
positive:55,CCC(C)Nc1c([N+](=O)[O-])cc(C(C)(C)C)cc1[N+](=O)[O-],0.3588243316966721,0.425531914893617,positive:97,0.19550586727542155,in_domain
positive:56,CC1(C)C(C(=O)O[C@H](C#N)c2cccc(Oc3ccccc3)c2)[C@@H]1C(Br)C(Br)(Br)Br,0.6444587090826241,0.6721311475409836,positive:51,0.19550586727542155,in_domain
positive:57,Clc1ccc(Cl)c(Cl)c1Cl,0.5397869674185464,0.625,negative:497,0.19550586727542155,in_domain
positive:58,CC(C)(C)c1cc(C(C)(C)C)cc(C(C)(C)C)c1,0.3564771612826533,0.5263157894736842,positive:13,0.19550586727542155,in_domain
positive:59,O=[N+]([O-])c1ccc(Oc2c(Cl)cc(Cl)cc2Cl)cc1,0.44940172669942335,0.5161290322580645,negative:435,0.19550586727542155,in_domain
positive:60,Clc1cc(Cl)c(-c2ccccc2)cc1Cl,0.5115457875457876,0.6,positive:134,0.19550586727542155,in_domain
positive:61,Clc1ccc(-c2cc(Cl)c(Cl)cc2Cl)cc1Cl,0.5449565217391305,0.65,positive:85,0.19550586727542155,in_domain
positive:62,Brc1ccc(Br)c(Br)c1,0.4094444444444444,0.4666666666666667,positive:12,0.19550586727542155,in_domain
positive:63,CC1CC(C)CC(C)C1,0.3030896639592292,0.4666666666666667,positive:87,0.19550586727542155,in_domain
positive:64,OC(c1ccc(Cl)cc1)(c1ccc(Cl)cc1)c1ccc(Cl)cc1,0.47387096774193543,0.6190476190476191,positive:3,0.19550586727542155,in_domain
positive:65,Cc1cc(Cl)c(Cl)cc1Cl,0.4408381956208043,0.5714285714285714,positive:126,0.19550586727542155,in_domain
positive:66,Clc1ccc(-c2cc(Cl)c(Cl)c(Cl)c2)cc1Cl,0.550131313131313,0.7777777777777778,positive:85,0.19550586727542155,in_domain
positive:67,ClC1=C(Cl)C2(Cl)C3C(Cl)C=CC3C1(Cl)C2(Cl)Cl,0.33959288260758846,0.42424242424242425,positive:124,0.19550586727542155,in_domain
negative:0,c1ccc2c(c1)cc1ccc3cccc4ccc2c1c34,0.5120401337792642,0.5384615384615384,negative:2,0.19550586727542155,in_domain
negative:1,O=[N+]([O-])c1ccc(O)c([N+](=O)[O-])c1,0.5561941251596424,0.6206896551724138,negative:488,0.19550586727542155,in_domain
negative:2,O=C(O)c1ccc(Cl)c(Cl)c1,0.45426984126984127,0.5416666666666666,negative:324,0.19550586727542155,in_domain
negative:3,Oc1c(Cl)cc(Cl)c(Cl)c1Cl,0.5318692810457516,0.6666666666666666,negative:322,0.19550586727542155,in_domain
negative:4,CCOCC,0.2738085443967797,0.3333333333333333,negative:305,0.19550586727542155,in_domain
negative:5,COP(=O)(OC)OC=C(Cl)Cl,0.32888613579403053,0.42857142857142855,negative:75,0.19550586727542155,in_domain
negative:6,ClC(Cl)(Cl)C(Cl)(Cl)Cl,0.3893939393939394,0.5,negative:1,0.19550586727542155,in_domain
negative:7,Oc1c(Cl)cc(Cl)c(Cl)c1Cc1c(O)c(Cl)cc(Cl)c1Cl,0.40973890181009204,0.5454545454545454,negative:322,0.19550586727542155,in_domain
negative:8,O=C(O)C(Cl)(Cl)Cl,0.3732267732267732,0.5714285714285714,negative:263,0.19550586727542155,in_domain
negative:9,O=C(O)C(O)(c1ccccc1)c1ccccc1,0.3560555386642343,0.391304347826087,negative:36,0.19550586727542155,in_domain
negative:10,CCOP(=O)(OCC)OCC,0.40735752424539606,0.43478260869565216,negative:391,0.19550586727542155,in_domain
negative:11,CC1=CC(=O)CC(C)(C)C1,0.1872387407913724,0.21052631578947367,positive:8,0.19550586727542155,out_of_domain
negative:12,BrC(Br)C(Br)Br,0.22434065934065933,0.5,negative:8,0.19550586727542155,in_domain
negative:13,C=C1C2CCC(C2)C1(C)C,0.17285132699607644,0.20689655172413793,positive:87,0.19550586727542155,out_of_domain
negative:14,Nc1ccc(C=Cc2ccc(N)cc2S(=O)(=O)O)c(S(=O)(=O)O)c1,0.37049868260394575,0.42105263157894735,negative:25,0.19550586727542155,in_domain
negative:15,CCCCOC(=O)c1ccccc1C(=O)OCCCC,0.6061634199134199,0.8571428571428571,negative:333,0.19550586727542155,in_domain
negative:16,Cc1c(Br)c(Br)c(Br)c(Br)c1Br,0.33636752136752135,0.5625,positive:86,0.19550586727542155,in_domain
negative:17,Oc1c(Cl)cc(Cl)cc1Cl,0.47944862155388474,0.5,positive:138,0.19550586727542155,in_domain
negative:18,Cc1ccc(N)c(S(=O)(=O)O)c1,0.3934538078554306,0.45454545454545453,negative:426,0.19550586727542155,in_domain
negative:19,Nc1ccc(-c2ccc(N)c(Cl)c2)cc1Cl,0.4842753623188406,0.55,positive:85,0.19550586727542155,in_domain
negative:20,c1ccc2c(c1)Nc1ccccc1S2,0.2407020515716168,0.2608695652173913,positive:93,0.19550586727542155,in_domain
negative:21,Cc1ccccc1Cl,0.4322055137844611,0.47368421052631576,positive:23,0.19550586727542155,in_domain
negative:22,Cc1ccc(C)c(C)c1,0.48329966329966334,0.55,positive:15,0.19550586727542155,in_domain
negative:23,Nc1ccc(Cl)c(Cl)c1,0.46786561264822135,0.5,positive:70,0.19550586727542155,in_domain
negative:24,ClCC(Cl)CCl,0.3573262032085562,0.5454545454545454,negative:480,0.19550586727542155,in_domain
negative:25,CCC(C)=NO,0.17727369603968068,0.1875,negative:217,0.19550586727542155,out_of_domain
negative:26,Cc1cc(O)c(C(C)(C)C)cc1Sc1cc(C(C)(C)C)c(O)cc1C,0.33044327198490203,0.4,positive:5,0.19550586727542155,in_domain
negative:27,FC(F)(F)c1cccc(Cl)c1,0.45255819892251675,0.5238095238095238,negative:312,0.19550586727542155,in_domain
negative:28,CC(N)c1ccccc1,0.35307131465026204,0.4090909090909091,positive:120,0.19550586727542155,in_domain
negative:29,Nc1cccc([N+](=O)[O-])c1,0.5683342632122436,0.6956521739130435,negative:433,0.19550586727542155,in_domain
negative:30,O=[N+]([O-])c1ccc(O)cc1,0.5926657883179621,0.7222222222222222,negative:280,0.19550586727542155,in_domain
negative:31,N=C(Nc1ccccc1)Nc1ccccc1,0.3792458172458172,0.45,negative:65,0.19550586727542155,in_domain
negative:32,Cc1cc(C)cc(C)c1,0.36991609458428676,0.4666666666666667,negative:444,0.19550586727542155,in_domain
negative:33,Brc1ccccc1,0.4580672268907563,0.5833333333333334,negative:285,0.19550586727542155,in_domain
negative:34,CCCCCl,0.41809954751131223,0.46153846153846156,positive:2,0.19550586727542155,in_domain
negative:35,C1CNCCN1,0.09945970695970695,0.21428571428571427,negative:432,0.19550586727542155,out_of_domain
negative:36,CC(O)COCC(C)O,0.2675153793574846,0.3684210526315789,negative:300,0.19550586727542155,in_domain
negative:37,NCCNCCN,0.18685185185185185,0.2777777777777778,negative:57,0.19550586727542155,out_of_domain
negative:38,ClCCOCCCl,0.2693048609457278,0.3888888888888889,negative:59,0.19550586727542155,in_domain
negative:39,Cc1cc(Cc2cc(C)cc(C(C)(C)C)c2O)c(O)c(C(C)(C)C)c1,0.46387691272281995,0.68,positive:5,0.19550586727542155,in_domain
negative:40,O=C(c1ccccc1)c1ccccc1,0.48356405364078,0.6470588235294118,negative:475,0.19550586727542155,in_domain
negative:41,CC1OC(C)OC(C)O1,0.33468741297688664,1.0,negative:511,0.19550586727542155,in_domain
negative:42,O=P(OCC(Br)CBr)(OCC(Br)CBr)OCC(Br)CBr,0.31604653300077157,0.3870967741935484,negative:422,0.19550586727542155,in_domain
negative:43,CCCCOP(=O)(OCCCC)OCCCC,0.40976623376623367,0.4642857142857143,negative:422,0.19550586727542155,in_domain
negative:44,O=C1c2ccccc2C(=O)c2c(O)cccc21,0.5211031978773913,0.5714285714285714,negative:14,0.19550586727542155,in_domain
negative:45,CN(C)C(=S)SSC(=S)N(C)C,0.17548941798941797,0.1875,negative:419,0.19550586727542155,out_of_domain
negative:46,CCOP(=S)(OCC)SCCSCC,0.6092706782464847,0.6923076923076923,negative:469,0.19550586727542155,in_domain
negative:47,CCOC(=O)C(SP(=S)(OC)OC)c1ccccc1,0.3351697722567287,0.375,negative:319,0.19550586727542155,in_domain
negative:48,CN(C)C(=O)Nc1ccc(Cl)c(Cl)c1,0.6222959419164352,0.7058823529411765,negative:443,0.19550586727542155,in_domain
negative:49,CCOP(=S)(OCC)Oc1cc(C)nc(C(C)C)n1,0.4421752918466771,0.6046511627906976,positive:95,0.19550586727542155,in_domain
negative:50,Cc1ccc(C)c(C)c1C,0.38550615669608806,0.5714285714285714,negative:311,0.19550586727542155,in_domain
negative:51,CC1CCCC(C)N1,0.23539215686274512,0.3333333333333333,negative:53,0.19550586727542155,in_domain
negative:52,Nc1ccccn1,0.36354545454545456,0.45454545454545453,negative:54,0.19550586727542155,in_domain
negative:53,CCOC(=O)C(O)(c1ccc(Cl)cc1)c1ccc(Cl)cc1,0.3981877287503694,0.6,positive:33,0.19550586727542155,in_domain
negative:54,O=C(O)C(Br)C(Br)C(=O)O,0.23501662124951847,0.2857142857142857,negative:395,0.19550586727542155,in_domain
negative:55,Cc1cc([N+](=O)[O-])cc([N+](=O)[O-])c1O,0.5821211917986111,0.7307692307692307,negative:271,0.19550586727542155,in_domain
negative:56,CN(C)c1ccc(C(=C2C=CC(=[N+](C)C)C=C2)c2ccccc2)cc1,0.32884852844758505,0.42857142857142855,negative:26,0.19550586727542155,in_domain
negative:57,Oc1cc(Cl)cc(Cl)c1,0.4386613386613386,0.6153846153846154,positive:128,0.19550586727542155,in_domain
negative:58,CNc1ccccc1C,0.3599787823209983,0.45,negative:311,0.19550586727542155,in_domain
negative:59,CCc1ccccc1[N+](=O)[O-],0.4962962962962963,0.5555555555555556,negative:482,0.19550586727542155,in_domain
negative:60,O=c1n(CCO)c(=O)n(CCO)c(=O)n1CCO,0.17369085492097155,0.19047619047619047,negative:43,0.19550586727542155,out_of_domain
negative:61,O=C1CCCCCCCCCCCN1,0.20003629669959294,0.3076923076923077,negative:87,0.19550586727542155,in_domain
negative:62,OCc1ccc(Cl)c(Cl)c1,0.4441511387163561,0.5,negative:82,0.19550586727542155,in_domain
negative:63,CCCCCCCCc1ccc(O)cc1,0.4101729194054,0.5806451612903226,negative:121,0.19550586727542155,in_domain
negative:64,CN(C)c1ccc(C(=N)c2ccc(N(C)C)cc2)cc1,0.34565275829827025,0.5833333333333334,negative:26,0.19550586727542155,in_domain
negative:65,c1cc[n+]2c(c1)-c1cccc[n+]1CC2,0.23652813852813853,0.25,negative:27,0.19550586727542155,in_domain
negative:66,CCC(C)c1ccccc1OC(=O)NC,0.5125202745687655,0.7142857142857143,negative:95,0.19550586727542155,in_domain
negative:67,COP1(=S)OCc2ccccc2O1,0.19880645409919284,0.22857142857142856,negative:269,0.19550586727542155,in_domain
negative:68,Cc1ccc([N+](=O)[O-])cc1O,0.5169121245828698,0.6206896551724138,negative:490,0.19550586727542155,in_domain
negative:69,CC(=O)C(=NNc1ccc(-c2ccc(NN=C(C(C)=O)C(=O)Nc3ccccc3)c(Cl)c2)cc1Cl)C(=O)Nc1ccccc1,0.27726808630793237,0.3076923076923077,negative:29,0.19550586727542155,in_domain
negative:70,Cc1ccc(S(=O)(=O)Oc2ccc(/N=N/c3ccc(-c4ccc(N=Nc5c(O)ccc6cc(S(=O)(=O)O)cc(S(=O)(=O)O)c56)c(C)c4)cc3C)cc2)cc1,0.32967750379189853,0.3698630136986301,negative:16,0.19550586727542155,in_domain
negative:71,O=C1c2ccccc2C(=O)C1c1nc2ccccc2c(Br)c1O,0.26127966976264194,0.29411764705882354,negative:74,0.19550586727542155,in_domain
negative:72,CC(=CC(C)(C)c1ccc(O)cc1)c1ccc(O)cc1,0.3142296918767507,0.4642857142857143,negative:425,0.19550586727542155,in_domain
negative:73,CCOP(=S)(OCC)O/N=C(\C#N)c1ccccc1,0.3216470476126414,0.35555555555555557,negative:235,0.19550586727542155,in_domain
negative:74,CC(C)CCCCCCCOC(=O)c1ccccc1C(=O)OCCCCCCCC(C)C,0.49658272838346906,0.6764705882352942,negative:333,0.19550586727542155,in_domain
negative:75,Clc1cc2c(cc1Cl)Oc1ccccc1O2,0.5165027654065817,0.7222222222222222,positive:18,0.19550586727542155,in_domain
negative:76,ClCCOC(c1ccccc1)c1ccccc1,0.2849088810295707,0.3125,negative:297,0.19550586727542155,in_domain
negative:77,N#CCCN(CCOC(=O)c1ccccc1)c1ccc(/N=N/c2ccc([N+](=O)[O-])cc2)cc1,0.2905371066288315,0.35,negative:346,0.19550586727542155,in_domain
negative:78,CC1CCC(C(=O)O)C(C(=O)O)C1,0.3087301587301587,0.5,negative:446,0.19550586727542155,in_domain
negative:79,Cc1cc(=O)[nH]o1,0.21539931333034779,0.2727272727272727,negative:128,0.19550586727542155,in_domain
negative:80,CC(C)OC(=O)Nc1cccc(Cl)c1,0.4332518155328645,0.5227272727272727,negative:134,0.19550586727542155,in_domain
negative:81,CN(C)S(=O)(=O)N(SC(F)(Cl)Cl)c1ccccc1,0.2880292409165743,0.3235294117647059,negative:491,0.19550586727542155,in_domain
negative:82,CCCCN(CC)C(=O)SCCC,0.3293380812735651,0.45161290322580644,negative:218,0.19550586727542155,in_domain
negative:83,FC(F)C(F)(F)OCC(Cn1cncn1)c1ccc(Cl)cc1Cl,0.39796108588104934,0.6037735849056604,negative:398,0.19550586727542155,in_domain
negative:84,CNC(=O)Oc1ccccc1OC(C)C,0.5109003888944498,0.6470588235294118,negative:95,0.19550586727542155,in_domain
negative:85,CNC(=O)O/N=C/C(C)(C)SC,0.38227915495357356,0.5714285714285714,negative:160,0.19550586727542155,in_domain
negative:86,CC(Oc1ccc(Oc2cnc3cc(Cl)ccc3n2)cc1)C(=O)OCC1CCCO1,0.48490879283856325,0.6825396825396826,negative:219,0.19550586727542155,in_domain
negative:87,O=C(S)c1cccc2nnsc12,0.20652298828990562,0.21052631578947367,negative:0,0.19550586727542155,in_domain
negative:88,CC1(C(=O)Nc2ccc(O)c(Cl)c2Cl)CCCCC1,0.25548838145219344,0.3469387755102041,negative:354,0.19550586727542155,in_domain
negative:89,O=[N+]([O-])c1ccc(ON=Cc2cc(Br)c(O)c(Br)c2)c([N+](=O)[O-])c1,0.33377657003257555,0.38636363636363635,negative:271,0.19550586727542155,in_domain
negative:90,CCCSP(=O)(OCC)SCCC,0.3907059684030296,0.4482758620689655,negative:237,0.19550586727542155,in_domain
negative:91,Fc1ccc([C@@]2(Cn3cncn3)O[C@@H]2c2ccccc2Cl)cc1,0.33194970182837025,0.36065573770491804,negative:209,0.19550586727542155,in_domain
negative:92,CCOC(=O)Nc1cccc(OC(=O)Nc2ccccc2)c1,0.4000003591180062,0.4583333333333333,negative:389,0.19550586727542155,in_domain
negative:93,COC(=O)Nc1cccc(OC(=O)Nc2cccc(C)c2)c1,0.38628018158272437,0.44680851063829785,negative:389,0.19550586727542155,in_domain
negative:94,O=C(Nc1ccc(F)cc1)c1cccc(Oc2cccc(C(F)(F)F)c2)n1,0.327821710543559,0.46153846153846156,positive:63,0.19550586727542155,in_domain
negative:95,CO/N=C(/C(=O)OC)c1ccccc1COc1ccccc1C,0.4084192289260935,0.6226415094339622,negative:366,0.19550586727542155,in_domain
negative:96,CCC(C)(C)C(=O)OC1=C(c2ccc(Cl)cc2Cl)C(=O)OC12CCCCC2,0.29710088333351325,0.43283582089552236,negative:377,0.19550586727542155,in_domain
negative:97,c1ccc2[nH]c(-c3cscn3)nc2c1,0.320824718785873,0.45,negative:194,0.19550586727542155,in_domain
negative:98,Nc1cnn(-c2ccccc2)c(=O)c1Cl,0.28732631271025305,0.4,negative:183,0.19550586727542155,in_domain
negative:99,CON(C)C(=O)Nc1ccc(Cl)cc1,0.5429733263134232,0.6857142857142857,negative:443,0.19550586727542155,in_domain
negative:100,COC(=O)c1c(Cl)c(Cl)c(C(=O)OC)c(Cl)c1Cl,0.3042878106517658,0.3225806451612903,negative:514,0.19550586727542155,in_domain
negative:101,CNC(=O)N(C)c1nc2ccccc2s1,0.36703257060399924,0.4318181818181818,negative:522,0.19550586727542155,in_domain
negative:102,CC(C)N(C(=O)CCl)c1ccccc1,0.3460708461334243,0.38235294117647056,negative:315,0.19550586727542155,in_domain
negative:103,CCCSC(=O)N(CCC)CCC,0.3561154436960889,0.7083333333333334,negative:218,0.19550586727542155,in_domain
negative:104,COc1cnc(OC)n2nc(NS(=O)(=O)c3c(OCC(F)F)cccc3C(F)(F)F)nc12,0.2646955374270319,0.4084507042253521,negative:365,0.19550586727542155,in_domain
negative:105,COc1cc(C)c(C(=O)c2c(OC)ccc(Br)c2C)c(OC)c1OC,0.26959524321226447,0.29545454545454547,positive:112,0.19550586727542155,in_domain
negative:106,C#CC(C)(C)NC(=O)c1cc(Cl)cc(Cl)c1,0.2724567180718607,0.3617021276595745,negative:156,0.19550586727542155,in_domain
negative:107,COP(=S)(OC)SCC(=O)N(C)C=O,0.38463179224657384,0.5,negative:4,0.19550586727542155,in_domain
negative:108,CCCOC(=O)NCCCN(C)C,0.26951754385964916,0.3125,negative:407,0.19550586727542155,in_domain
negative:109,CNC(=O)Oc1cc(C)cc(C(C)C)c1,0.5034506715595517,0.7096774193548387,negative:332,0.19550586727542155,in_domain
negative:110,O=CNC(N1CCN(C(NC=O)C(Cl)(Cl)Cl)CC1)C(Cl)(Cl)Cl,0.13984777903256165,0.15625,positive:72,0.19550586727542155,out_of_domain
negative:111,CCN(CC)c1nc(C)cc(OP(=S)(OC)OC)n1,0.44212013776293635,0.7692307692307693,positive:95,0.19550586727542155,in_domain
negative:112,CC12CC1(C)C(=O)N(c1cc(Cl)cc(Cl)c1)C2=O,0.3010970122910048,0.46153846153846156,negative:200,0.19550586727542155,in_domain
negative:113,CCOCN(C(=O)CCl)c1c(C)cccc1CC,0.44115978419611485,0.6590909090909091,negative:176,0.19550586727542155,in_domain
negative:114,O=c1cc(Cl)[nH]nc1-c1ccccc1,0.31149409149409146,0.3333333333333333,positive:26,0.19550586727542155,in_domain
negative:115,CCOP(=S)(OCC)Oc1nc(Cl)n(C(C)C)n1,0.34990009069780625,0.41304347826086957,positive:130,0.19550586727542155,in_domain
negative:116,CC1=C(C(=O)Nc2ccccc2)SCCO1,0.3315486508931452,0.5333333333333333,negative:385,0.19550586727542155,in_domain
negative:117,Cl/C=C/CCl,0.22261904761904763,0.3333333333333333,negative:288,0.19550586727542155,in_domain
negative:118,CCCCCCCCCCC=Cc1c(OC(C)=O)c(O)c2ccccc2c1O,0.33390682588825005,0.4117647058823529,positive:111,0.19550586727542155,in_domain
negative:119,O=c1c(C2CCCc3ccccc32)c(O)oc2ccccc12,0.3491428694849935,0.5714285714285714,positive:53,0.19550586727542155,in_domain
negative:120,Cc1[nH]c(=O)n(C(C)(C)C)c(=O)c1Cl,0.21878951237441804,0.2857142857142857,negative:191,0.19550586727542155,in_domain
negative:121,CCCC1COC(Cn2cncn2)(c2ccc(Cl)cc2Cl)O1,0.5232681956321821,0.6481481481481481,negative:209,0.19550586727542155,in_domain
negative:122,CC(C)OC(=O)C(C)N(C(=O)c1ccccc1)c1ccc(F)c(Cl)c1,0.38470908151794125,0.75,negative:206,0.19550586727542155,in_domain
negative:123,CCS(=O)(=O)Oc1ccc2c(c1)C(C)(C)CO2,0.26294807210408233,0.4230769230769231,negative:181,0.19550586727542155,in_domain
negative:124,CCCCOC(=O)C(C)Oc1ccc(Oc2ccc(C(F)(F)F)cn2)cc1,0.4056898380877382,0.45901639344262296,negative:473,0.19550586727542155,in_domain
negative:125,COC(=O)C(C)Oc1ccc(Oc2ncc(C(F)(F)F)cc2Cl)cc1,0.47952752948686805,0.7959183673469388,negative:473,0.19550586727542155,in_domain
negative:126,CCCC(=NOCC)C1C(=O)CC(CC(C)SCC)CC1=O,0.3103893097643098,0.6181818181818182,negative:239,0.19550586727542155,in_domain
negative:127,N#Cc1c[nH]cc1-c1cccc(Cl)c1Cl,0.40865683865683866,0.4772727272727273,negative:148,0.19550586727542155,in_domain
negative:128,CC(C)(C)C(O)C(Cc1ccc(Cl)cc1)n1cncn1,0.46178278231505915,0.6170212765957447,negative:470,0.19550586727542155,in_domain
negative:129,COc1nc(C)nc(NC(=O)NS(=O)(=O)c2ccccc2CCC(F)(F)F)n1,0.4679801120009615,0.6551724137931034,negative:211,0.19550586727542155,in_domain
negative:130,O=C(O)COc1ccc(Cl)cc1Cl,0.6105228395550977,0.696969696969697,negative:236,0.19550586727542155,in_domain
negative:131,O=C(O)c1ccc(Cl)cc1,0.49176982097186706,0.55,negative:475,0.19550586727542155,in_domain
negative:132,N#Cc1cc(Br)c(O)c(Br)c1,0.39535161135161134,0.52,negative:367,0.19550586727542155,in_domain
negative:133,CCCC(=NOCC)C1C(=O)CC(CC(C)SCC)CC1=O,0.3103893097643098,0.6181818181818182,negative:239,0.19550586727542155,in_domain
negative:134,Cc1cccc(C(C)C)c1,0.4597378917378917,0.7,positive:120,0.19550586727542155,in_domain
negative:135,Nc1nc[nH]n1,0.20617445036880055,0.2631578947368421,negative:52,0.19550586727542155,in_domain
negative:136,ClCCl,0.31853479853479855,0.42857142857142855,negative:258,0.19550586727542155,in_domain
negative:137,CCCCOCCOP(=O)(OCCOCCCC)OCCOCCCC,0.39794239087237404,0.5714285714285714,negative:305,0.19550586727542155,in_domain
negative:138,Nc1c(S(=O)(=O)O)cc(S(=O)(=O)O)c2cccc(O)c12,0.39857278979606003,0.43243243243243246,negative:266,0.19550586727542155,in_domain
negative:139,c1cc2c3c(cccc3c1)CC2,0.43372294372294373,0.5,negative:302,0.19550586727542155,in_domain
negative:140,C=Cc1ccc2c(O)c3ccccc3c(O)c2c1,0.34649885956337567,0.5277777777777778,positive:111,0.19550586727542155,in_domain
negative:141,Nc1ccccc1-c1ccccc1,0.47558919595532867,0.6111111111111112,positive:93,0.19550586727542155,in_domain
negative:142,O=C(Nc1ccccc1)c1cc2ccccc2cc1O,0.4190784499569674,0.6129032258064516,negative:273,0.19550586727542155,in_domain
negative:143,Cc1ccccc1O,0.4115190149286259,0.42857142857142855,negative:429,0.19550586727542155,in_domain
negative:144,Clc1ccccc1Cl,0.5612394957983193,0.6428571428571429,positive:23,0.19550586727542155,in_domain
negative:145,Nc1ccccc1Cl,0.4373889268626111,0.47368421052631576,positive:23,0.19550586727542155,in_domain
negative:146,Cc1ccc(N)cc1N,0.47613489958317545,0.65,negative:32,0.19550586727542155,in_domain
negative:147,CC(C)(C)c1ccc(O)c(C(C)(C)C)c1,0.41297883597883595,0.56,positive:13,0.19550586727542155,in_domain
negative:148,CC(C)(C)c1ccc(O)cc1,0.4737852696256771,0.6842105263157895,negative:425,0.19550586727542155,in_domain
negative:149,CNc1ccccc1,0.49677262209231515,0.5294117647058824,negative:65,0.19550586727542155,in_domain
negative:150,C=CCN(CC=C)CC=C,0.23317099567099567,0.3333333333333333,negative:288,0.19550586727542155,in_domain
negative:151,CCCCCCCCCc1ccc(O)cc1,0.4101729194054,0.5806451612903226,negative:121,0.19550586727542155,in_domain
negative:152,O=Cc1ccc(Cl)cc1,0.4005714285714285,0.5,negative:48,0.19550586727542155,in_domain
negative:153,Nc1cccc(N)c1,0.4708771929824561,0.6111111111111112,negative:289,0.19550586727542155,in_domain
negative:154,c1ccoc1,0.1338095238095238,0.14285714285714285,negative:27,0.19550586727542155,out_of_domain
negative:155,NCCNCCO,0.21093842219161912,0.23529411764705882,negative:137,0.19550586727542155,in_domain
negative:156,OCC(CO)(CO)CO,0.28769230769230764,0.5384615384615384,negative:98,0.19550586727542155,in_domain
negative:157,Oc1c(Br)cc(Br)cc1Br,0.40789855072463777,0.5,negative:424,0.19550586727542155,in_domain
negative:158,O=C(O)c1ccccc1Cl,0.46138180909545223,0.5416666666666666,negative:0,0.19550586727542155,in_domain
negative:159,CCOC(=O)CC(SP(=S)(OC)OC)C(=O)OCC,0.2949244524356041,0.3333333333333333,negative:4,0.19550586727542155,in_domain
negative:160,C1COCCO1,0.11084441873915558,0.25,negative:110,0.19550586727542155,out_of_domain
negative:161,CC(C)(CO)CO,0.2981217750257998,0.35,negative:306,0.19550586727542155,in_domain
negative:162,COc1ccc(C(=O)c2ccccc2)c(O)c1,0.42794547794547794,0.6190476190476191,negative:90,0.19550586727542155,in_domain
negative:163,O=C(Nc1ccc2c(O)cc(S(=O)(=O)O)cc2c1)Nc1ccc2c(O)cc(S(=O)(=O)O)cc2c1,0.4491594840760437,0.6052631578947368,negative:17,0.19550586727542155,in_domain
negative:164,N#CN=C(N)N,0.1552142857142857,0.1875,negative:419,0.19550586727542155,out_of_domain
negative:165,C1CCC2CCCC2C1,0.4212121212121211,0.8888888888888888,positive:9,0.19550586727542155,in_domain
negative:166,C(=NC1CCCCC1)=NC1CCCCC1,0.2735612535612536,0.3,negative:53,0.19550586727542155,in_domain
negative:167,CCCCCCCCCCCCCCCC,0.8461538461538461,1.0,positive:2,0.19550586727542155,in_domain
negative:168,Nc1ccc(Cl)cc1Cl,0.5599482401656315,0.6190476190476191,negative:431,0.19550586727542155,in_domain
negative:169,O=[N+]([O-])c1cccc(O)c1,0.580426901756495,0.6956521739130435,negative:433,0.19550586727542155,in_domain
negative:170,COc1cccc([N+](=O)[O-])c1,0.5536516357206013,0.6153846153846154,negative:433,0.19550586727542155,in_domain
negative:171,Oc1cc(Cl)ccc1Cl,0.5522751322751323,0.6190476190476191,negative:489,0.19550586727542155,in_domain
negative:172,Nc1cccc(O)c1,0.4469565217391304,0.4782608695652174,negative:289,0.19550586727542155,in_domain
negative:173,CN1CCCCC1,0.2316239316239316,0.2692307692307692,negative:373,0.19550586727542155,in_domain
negative:174,Nc1cc(Cl)c(Cl)c(Cl)c1,0.40280185758513926,0.47058823529411764,positive:109,0.19550586727542155,in_domain
negative:175,CCOP(=S)(Oc1ccc([N+](=O)[O-])cc1)c1ccccc1,0.4661773664281352,0.6585365853658537,negative:253,0.19550586727542155,in_domain
negative:176,Cc1cc(O)ccc1[N+](=O)[O-],0.5400554187192118,0.7142857142857143,negative:502,0.19550586727542155,in_domain
negative:177,COP(=S)(OC)Oc1ccc(S(C)(=O)=O)c(C)c1,0.504612704368802,0.5609756097560976,negative:102,0.19550586727542155,in_domain
negative:178,CCCCCCCCCCCCCCCCCCNC(=O)NCCCCCCCCCCCCCCCCCC,0.43858475620489346,0.5384615384615384,negative:56,0.19550586727542155,in_domain
negative:179,O=[N+]([O-])c1cc(S(=O)(=O)Nc2ccccc2)ccc1Nc1ccccc1,0.3083638583638584,0.30952380952380953,negative:20,0.19550586727542155,in_domain
negative:180,Cc1ccc(C)c(C(C)c2ccccc2)c1,0.3573521505376344,0.4,positive:110,0.19550586727542155,in_domain
negative:181,O=S(=O)(O)c1cc(Nc2nc(Nc3ccccc3)nc(N3CCOCC3)n2)ccc1C=Cc1ccc(Nc2nc(Nc3ccccc3)nc(N3CCOCC3)n2)cc1S(=O)(=O)O,0.2705623577538625,0.3048780487804878,negative:122,0.19550586727542155,in_domain
negative:182,O=[N+]([O-])c1c(Cl)cc(Cl)cc1Cl,0.42197262765285204,0.4782608695652174,positive:62,0.19550586727542155,in_domain
negative:183,Nc1ccc(Oc2c(Cl)cc(Cl)cc2Cl)cc1,0.42915893843313196,0.4838709677419355,positive:31,0.19550586727542155,in_domain
negative:184,N#CCCN(CCC#N)c1ccc(/N=N/c2c(Cl)cc([N+](=O)[O-])cc2Cl)cc1,0.29307142857142854,0.3333333333333333,negative:346,0.19550586727542155,in_domain
negative:185,CCCCCCCCCCCCN=C(N)N,0.4183924485125858,0.4375,negative:137,0.19550586727542155,in_domain
negative:186,CN(C)C(=O)Nc1ccccc1,0.4968342882052559,0.6428571428571429,negative:155,0.19550586727542155,in_domain
negative:187,CNc1nc(NC(C)C)nc(SC)n1,0.5675833333333333,0.84,negative:529,0.19550586727542155,in_domain
negative:188,CC(C)=CC1C(C(=O)OCc2coc(Cc3ccccc3)c2)C1(C)C,0.44346840623500433,0.631578947368421,negative:375,0.19550586727542155,in_domain
negative:189,COc1cc(OC)nc(NC(=O)NS(=O)(=O)N(C)S(C)(=O)=O)n1,0.3241536496708911,0.39655172413793105,negative:211,0.19550586727542155,in_domain
negative:190,CCCCOC(=O)C(C)Oc1ccc(Oc2ccc(C#N)cc2F)cc1,0.3413416036699618,0.40298507462686567,negative:510,0.19550586727542155,in_domain
negative:191,CCOC(=O)C(Cl)Cc1cc(-n2nc(C)n(C(F)F)c2=O)c(F)cc1Cl,0.2469020362691249,0.32051282051282054,negative:147,0.19550586727542155,in_domain
negative:192,O=c1c2cc(F)ccc2nc(-n2cncn2)n1-c1ccc(Cl)cc1Cl,0.26653059474788443,0.28169014084507044,negative:223,0.19550586727542155,in_domain
negative:193,CNC(=S)S,0.23417560127499276,0.4117647058823529,negative:144,0.19550586727542155,in_domain
negative:194,COP(=O)(OC)O/C(C)=C/C(=O)N(C)C,0.3112674269337553,0.36585365853658536,negative:149,0.19550586727542155,in_domain
negative:195,CCOC(=O)/C(Cl)=C/c1cc(N2C(=O)C3=C(CCCC3)C2=O)ccc1Cl,0.2309156322413628,0.26229508196721313,negative:516,0.19550586727542155,in_domain
negative:196,CCN(CC)C(=O)C(C)Oc1cccc2ccccc12,0.35932400932400926,0.4318181818181818,negative:393,0.19550586727542155,in_domain
negative:197,CN(C)C(=O)Nc1ccc(Oc2ccc(Cl)cc2)cc1,0.5826384535005225,0.8275862068965517,negative:155,0.19550586727542155,in_domain
negative:198,CN(C)C(=O)Nc1cccc(C(F)(F)F)c1,0.39166104136682756,0.4473684210526316,negative:155,0.19550586727542155,in_domain
negative:199,COC(=O)NS(=O)(=O)c1ccc(N)cc1,0.2803259071551754,0.2926829268292683,negative:374,0.19550586727542155,in_domain
negative:200,CCOP(=S)(OCC)Oc1ncn(-c2ccccc2)n1,0.3899589748943056,0.5102040816326531,negative:296,0.19550586727542155,in_domain
negative:201,C=CCOC(Cn1ccnc1)c1ccc(Cl)cc1Cl,0.27716791669249363,0.35,negative:398,0.19550586727542155,in_domain
negative:202,C#CCOc1ccc(CCNC(=O)C(OCC#C)c2ccc(Cl)cc2)cc1OC,0.2524419462394146,0.26582278481012656,negative:510,0.19550586727542155,in_domain
negative:203,COCCN(C(=O)CCl)c1c(C)cccc1C,0.3932275186901829,0.5116279069767442,negative:338,0.19550586727542155,in_domain
negative:204,CCc1cccc(C)c1N(C(=O)CCl)C(C)COC,0.3925227869510566,0.5319148936170213,negative:338,0.19550586727542155,in_domain
negative:205,CCCN(CCC)C(=O)SCc1ccccc1,0.37261154493857523,0.53125,negative:218,0.19550586727542155,in_domain
negative:206,CN1CSC(=S)N(C)C1,0.13806866546263397,0.16326530612244897,negative:528,0.19550586727542155,out_of_domain
negative:207,ClC1C(Cl)C(Cl)C(Cl)C(Cl)C1Cl,0.1542408026755853,0.23076923076923078,negative:313,0.19550586727542155,out_of_domain
negative:208,OC(c1ccc(Cl)cc1)(c1cncnc1)c1ccccc1Cl,0.29846700267225923,0.35135135135135137,positive:3,0.19550586727542155,in_domain
negative:209,Nc1c(Cl)c(F)nc(OCC(=O)O)c1Cl,0.34151258073845564,0.43902439024390244,negative:203,0.19550586727542155,in_domain
negative:210,Cc1ccc(N(SC(F)(Cl)Cl)S(=O)(=O)N(C)C)cc1,0.23747386759581884,0.2857142857142857,negative:286,0.19550586727542155,in_domain
negative:211,COC(=O)c1ccccc1S(=O)(=O)NC(=O)Nc1nc(C)nc(OC)n1,0.5640030137959642,0.7450980392156863,negative:211,0.19550586727542155,in_domain
negative:212,COC(=O)c1sccc1S(=O)(=O)NC(=O)Nc1nc(C)nc(OC)n1,0.4493335137085137,0.625,negative:211,0.19550586727542155,in_domain
negative:213,CC(C)C1(C)N=C(c2nc3ccccc3cc2C(=O)O)NC1=O,0.3258508593396653,0.34375,negative:530,0.19550586727542155,in_domain
negative:214,CCNc1nc(NC(C)(C)C)nc(SC)n1,0.5699260901699926,0.75,negative:85,0.19550586727542155,in_domain
negative:215,CC(C1CC1)C(O)(Cn1cncn1)c1ccc(Cl)cc1,0.4076941457586619,0.48148148148148145,negative:351,0.19550586727542155,in_domain
negative:216,ClC(c1ccccc1)(c1ccccc1)c1ccccc1,0.39158770366200707,0.47368421052631576,negative:36,0.19550586727542155,in_domain
negative:217,ClC1C(Br)C(Br)C(Br)C(Br)C1Br,0.1540551378446115,0.16666666666666666,negative:313,0.19550586727542155,out_of_domain
negative:218,COc1ccccc1[N+](=O)[O-],0.4859605911330049,0.5357142857142857,negative:482,0.19550586727542155,in_domain
negative:219,NS(=O)(=O)c1ccccc1,0.3544912280701754,0.44,negative:19,0.19550586727542155,in_domain
negative:220,Brc1cccc(Br)c1,0.45288371758959994,0.6111111111111112,negative:496,0.19550586727542155,in_domain
negative:221,Oc1cccc(Cl)c1,0.5142884748102139,0.6111111111111112,negative:312,0.19550586727542155,in_domain
negative:222,C1CCCCC1,0.2444444444444444,0.2727272727272727,negative:53,0.19550586727542155,in_domain
negative:223,c1ccc2c(c1)CCCC2,0.3166451668386653,0.42105263157894735,negative:269,0.19550586727542155,in_domain
negative:224,Nc1cc(S(=O)(=O)O)c(O)c2c1C(=O)c1c(O)c(S(=O)(=O)O)cc(N)c1C2=O,0.33834362328585693,0.37142857142857144,negative:126,0.19550586727542155,in_domain
negative:225,C1=Cc2cccc3cccc1c23,0.44263600176912876,0.5294117647058824,negative:302,0.19550586727542155,in_domain
negative:226,O=C(O)c1cccc([N+](=O)[O-])c1C(=O)O,0.410019550342131,0.45161290322580644,negative:316,0.19550586727542155,in_domain
negative:227,Cc1ccc(Cl)c(O)c1,0.42407902886163756,0.46153846153846156,negative:3,0.19550586727542155,in_domain
negative:228,NCc1cccc(CN)c1,0.36410033444816053,0.5,negative:304,0.19550586727542155,in_domain
negative:229,BrCC(CBr)(CBr)CBr,0.3083916083916084,0.5384615384615384,negative:98,0.19550586727542155,in_domain
negative:230,CCN(CC)C(=O)SCc1ccc(Cl)cc1,0.31618891817005024,0.3409090909090909,positive:59,0.19550586727542155,in_domain
negative:231,c1ccc2c(c1)[nH]c1ccccc12,0.3260791685095091,0.3684210526315789,positive:125,0.19550586727542155,in_domain
negative:232,CCOP(=O)(NC(C)C)Oc1ccc(SC)c(C)c1,0.3278593918092888,0.46808510638297873,negative:417,0.19550586727542155,in_domain
negative:233,O=C(Nc1ccccc1)Nc1cnns1,0.29599542583831956,0.34782608695652173,negative:166,0.19550586727542155,in_domain
negative:234,COP(=S)(OC)Oc1c(Cl)cc(C)cc1Cl,0.40753968253968254,0.4722222222222222,positive:123,0.19550586727542155,in_domain
negative:235,COCC(=O)N(c1c(C)cccc1C)C(C)C(=O)OC,0.4064896906028982,0.6904761904761905,negative:213,0.19550586727542155,in_domain
negative:236,CC(C)Oc1cccc(NC(=O)c2ccccc2C(F)(F)F)c1,0.3837505937416731,0.6818181818181818,negative:389,0.19550586727542155,in_domain
negative:237,c1ccc2c(c1)ccc1cc3c(ccc4ccccc43)cc12,0.6731512448903753,0.8888888888888888,negative:2,0.19550586727542155,in_domain
negative:238,COc1c(Cl)cc(Cl)cc1Cl,0.4526612276612276,0.46153846153846156,positive:112,0.19550586727542155,in_domain
negative:239,O=[N+]([O-])c1ccccc1O,0.5265251989389921,0.5384615384615384,negative:20,0.19550586727542155,in_domain
negative:240,O=C(O)C1CC=CCC1C(=O)O,0.2603475643130816,0.45,negative:446,0.19550586727542155,in_domain
negative:241,Oc1ccccc1Br,0.3709926991391522,0.42857142857142855,negative:429,0.19550586727542155,in_domain
negative:242,O=[N+]([O-])c1ccc(Cl)c(Cl)c1,0.5523310524600847,0.5806451612903226,negative:275,0.19550586727542155,in_domain
negative:243,O=c1[nH]c(=O)[nH]c(=O)[nH]1,0.16245561355855473,0.18518518518518517,negative:128,0.19550586727542155,out_of_domain
negative:244,C1COCCN1,0.11233348090662083,0.2,negative:110,0.19550586727542155,out_of_domain
negative:245,CCN(CC)C(=O)c1cccc(C)c1,0.3346447467876039,0.375,negative:414,0.19550586727542155,in_domain
negative:246,O=S(=O)(O)c1ccc2cc(O)c(S(=O)(=O)O)cc2c1,0.4541464541464542,0.5135135135135135,negative:25,0.19550586727542155,in_domain
negative:247,c1ccc2c(c1)c1ccccc1c1ccccc21,0.4813081655186918,0.5714285714285714,negative:493,0.19550586727542155,in_domain
negative:248,CCCCC(CC)COP(=O)(O)OCC(CC)CCCC,0.5055418719211822,0.7241379310344828,negative:422,0.19550586727542155,in_domain
negative:249,CC(C)CCOCCC(C)C,0.28669831827726566,0.3181818181818182,negative:118,0.19550586727542155,in_domain
negative:250,O=[N+]([O-])c1cc(Cl)cc(Cl)c1O,0.43498509126985213,0.5172413793103449,negative:271,0.19550586727542155,in_domain
negative:251,N#Cc1cccc(C#N)c1,0.4179614043245756,0.5294117647058824,negative:448,0.19550586727542155,in_domain
negative:252,Nc1cc(Cl)c(Cl)cc1Cl,0.45706766917293234,0.5714285714285714,positive:126,0.19550586727542155,in_domain
negative:253,CCCCCCCCCCCCCCCCCCCCCCCCCCCC(=O)OCCO,0.40051541926541934,0.46153846153846156,negative:145,0.19550586727542155,in_domain
negative:254,N#Cc1nn(-c2c(Cl)cc(C(F)(F)F)cc2Cl)c(N)c1[S+]([O-])C(F)(F)F,0.19892065382833696,0.2054794520547945,positive:61,0.19550586727542155,in_domain
negative:255,O=C1c2ccccc2C(=O)N1SC(Cl)(Cl)Cl,0.31133425265419523,0.34615384615384615,negative:231,0.19550586727542155,in_domain
negative:256,CS(=O)(=O)c1cc(C(F)(F)F)ccc1C(=O)c1cnoc1C1CC1,0.2445875967552717,0.2702702702702703,negative:169,0.19550586727542155,in_domain
negative:257,O=C(O)C1C2CCC(O2)C1C(=O)O,0.2163908368396447,0.34782608695652173,negative:446,0.19550586727542155,in_domain
negative:258,Cc1cc(C(F)(C(F)(F)F)C(F)(F)F)ccc1NC(=O)c1cccc(I)c1C(=O)NC(C)(C)CS(C)(=O)=O,0.2546791877608158,0.2714285714285714,negative:389,0.19550586727542155,in_domain
negative:259,CC(C)NC(=O)n1cc(O)n(-c2cc(Cl)cc(Cl)c2)c1=O,0.22634259421321418,0.23636363636363636,negative:200,0.19550586727542155,in_domain
negative:260,CCCCc1c(C)nc(NCC)nc1OS(=O)(=O)N(C)C,0.26124507486209614,0.28888888888888886,negative:301,0.19550586727542155,in_domain
negative:261,CC(Cl)CCl,0.37638888888888883,0.5,negative:480,0.19550586727542155,in_domain
negative:262,COC(=O)c1ccccc1CS(=O)(=O)NC(=O)Nc1nc(OC)cc(OC)n1,0.3588482816094757,0.3918918918918919,negative:359,0.19550586727542155,in_domain
negative:263,CCON=C(CC)C1C(=O)CC(c2c(C)cc(C)cc2C)CC1=O,0.2588040811201461,0.36507936507936506,negative:239,0.19550586727542155,in_domain
negative:264,CCC(C)c1cc([N+](=O)[O-])cc([N+](=O)[O-])c1OC(=O)OC(C)C,0.3918632301405411,0.6222222222222222,negative:22,0.19550586727542155,in_domain
negative:265,Cc1ccc(O)c(C)c1,0.46780538302277436,0.5652173913043478,negative:450,0.19550586727542155,in_domain
